,classname,numberOfBugsFoundUntil,numberOfNonTrivialBugsFoundUntil,numberOfMajorBugsFoundUntil,numberOfCriticalBugsFoundUntil,numberOfHighPriorityBugsFoundUntil,numberOfVersionsUntil,numberOfFixesUntil,numberOfRefactoringsUntil,numberOfAuthorsUntil,linesAddedUntil,maxLinesAddedUntil,avgLinesAddedUntil,linesRemovedUntil,maxLinesRemovedUntil,avgLinesRemovedUntil,codeChurnUntil,maxCodeChurnUntil,avgCodeChurnUntil,ageWithRespectTo,weightedAgeWithRespectTo,CvsEntropy,CvsWEntropy,CvsLinEntropy,CvsLogEntropy,CvsExpEntropy,cbo,dit,fanIn,fanOut,lcom,noc,numberOfAttributes,numberOfAttributesInherited,numberOfLinesOfCode,numberOfMethods,numberOfMethodsInherited,numberOfPrivateAttributes,numberOfPrivateMethods,numberOfPublicAttributes,numberOfPublicMethods,rfc,wmc,bugs,nonTrivialBugs,majorBugs,criticalBugs,highPriorityBugs,Unnamed: 24
0,ext::framework::a::importer::Activator ,1,1,0,0,0,2,0,0,1,10,10,5.0,0,0,0.0,10,10,5.0,40.8571,3.14286,1.11258,0.0301612,0.00568177,0.0373952,0.0173512,6,1,0,6,3,0,0,0,15,3,9,0,1,0,2,14,3,0,0,0,0,0, 
1,org::eclipse::osgi::framework::internal::reliablefile::ReliableFile ,5,4,0,0,0,18,4,1,7,1431,532,79.5,1131,552,62.8333,300,394,16.6667,239.143,37.3797,7.607939999999999,0.501074,0.010183,0.176179,0.0006574489999999999,14,1,3,11,300,0,25,0,492,25,7,17,7,0,7,172,115,0,0,0,0,0, 
2,org::osgi::framework::ServiceEvent ,3,3,0,0,0,14,1,0,4,342,130,24.4286,337,123,24.0714,5,8,0.357143,239.143,70.6278,6.44925,0.113243,0.0108567,0.156537,0.00528038,4,1,4,0,3,0,6,0,11,3,15,2,0,0,3,3,3,1,0,0,0,0, 
3,org::eclipse::osgi::framework::internal::core::BundleProtectionDomainImpl ,0,0,0,0,0,4,0,0,2,3,3,0.75,49,44,12.25,-46,0,-11.5,178.857,4.57143,3.0823,0.0196326,0.00357232,0.0691437,6.14191e-05,1,2,1,0,0,0,1,0,4,1,12,0,0,1,1,1,1,0,0,0,0,0, 
4,substitutes::z::Fz ,1,1,0,0,0,1,0,0,1,0,0,0.0,0,0,0.0,0,0,0.0,19.1429,0.0,0.0,0.0,0.0,0.0,0.0,0,1,0,0,0,0,0,0,0,0,7,0,0,0,0,0,0,0,0,0,0,0, 
5,circularity::test::Activator ,1,1,0,0,0,1,0,0,1,0,0,0.0,0,0,0.0,0,0,0.0,85.1429,0.0,0.0,0.0,0.0,0.0,0.0,2,1,0,2,1,0,0,0,6,2,9,0,0,0,2,8,2,0,0,0,0,0, 
6,org::eclipse::osgi::framework::internal::core::ConditionalPermissionSet ,7,7,0,0,0,14,4,1,2,195,82,13.9286,97,73,6.92857,98,27,7.0,178.857,23.8447,9.01949,0.2172,0.0113774,0.206164,0.000414905,12,2,3,9,45,0,6,0,153,10,20,6,1,0,4,34,39,0,0,0,0,0, 
7,org::eclipse::osgi::internal::module::BundleConstraint ,1,1,0,0,0,7,1,0,3,211,95,30.1429,88,43,12.5714,123,95,17.5714,180.0,2.52539,5.09157,0.0549516,0.00754879,0.119792,0.00316005,3,2,2,1,1,0,0,2,8,2,27,0,0,0,0,3,3,0,0,0,0,0, 
8,org::eclipse::osgi::internal::resolver::SystemState ,6,5,1,0,0,11,2,0,5,102,31,9.272730000000001,83,40,7.54545,19,27,1.72727,237.714,59.7899,5.94951,0.184141,0.009387200000000002,0.142004,0.00494446,2,2,1,1,10,0,0,2,13,5,97,0,0,0,5,9,4,1,0,0,0,0, 
9,org::eclipse::osgi::internal::module::VersionSupplier ,2,2,0,0,0,7,0,0,3,100,42,14.2857,15,7,2.14286,85,38,12.1429,180.0,30.1943,5.76365,0.0340833,0.0224321,0.168368,0.068437,10,1,8,2,36,3,2,0,21,9,7,1,0,0,5,12,7,0,0,0,0,0, 
10,org::osgi::framework::ServicePermission ,3,3,0,0,0,13,1,0,4,1117,492,85.9231,1187,520,91.3077,-70,8,-5.38462,239.143,62.685,6.44925,0.157973,0.0108567,0.156537,0.00528038,7,1,1,7,45,0,9,0,77,10,33,6,3,0,5,29,22,1,0,0,0,0, 
11,org::eclipse::osgi::framework::internal::core::FrameworkProperties ,1,0,0,0,0,3,0,1,2,1,1,0.333333,1,1,0.333333,0,0,0.0,127.143,10.4286,1.27192,0.00403564,0.00217381,0.0312557,0.000404701,22,1,18,4,6,0,2,0,24,4,7,2,0,0,4,17,8,0,0,0,0,0, 
12,nativetest::d::Activator ,1,1,0,0,0,1,0,0,1,0,0,0.0,0,0,0.0,0,0,0.0,42.0,0.0,0.0,0.0,0.0,0.0,0.0,4,1,0,4,1,0,0,0,8,2,9,0,0,0,2,8,2,0,0,0,0,0, 
13,substitutes::y::Ay ,1,1,0,0,0,1,0,0,1,0,0,0.0,0,0,0.0,0,0,0.0,19.1429,0.0,0.0,0.0,0.0,0.0,0.0,0,1,0,0,0,0,0,0,0,0,7,0,0,0,0,0,0,0,0,0,0,0, 
14,org::eclipse::osgi::framework::internal::core::ConsoleMsg ,4,4,0,0,0,10,0,0,5,206,169,20.6,83,36,8.3,123,133,12.3,239.143,68.6332,4.843719999999999,0.160196,0.0123027,0.130076,0.0170805,0,2,0,0,0,0,138,3,0,0,12,1,0,137,0,0,0,0,0,0,0,0, 
15,substitutes::x::Kx ,1,1,0,0,0,1,0,0,1,0,0,0.0,0,0,0.0,0,0,0.0,19.1429,0.0,0.0,0.0,0.0,0.0,0.0,0,1,0,0,0,0,0,0,0,0,7,0,0,0,0,0,0,0,0,0,0,0, 
16,org::eclipse::equinox::launcher::Main ,29,27,4,2,1,44,3,0,3,2587,2021,58.7955,2332,2011,53.0,255,65,5.79545,81.1429,32.9348,15.3228,1.77892,0.07591160000000001,0.503466,0.22302,40,1,3,37,2016,1,111,0,1805,64,7,82,47,2,3,836,410,3,0,1,0,0, 
17,nativetest::b2::Activator ,1,1,1,1,0,1,0,0,1,0,0,0.0,0,0,0.0,0,0,0.0,53.0,0.0,0.0,0.0,0.0,0.0,0.0,4,1,0,4,1,0,0,0,9,2,9,0,0,0,2,8,2,0,0,0,0,0, 
18,org::eclipse::osgi::internal::baseadaptor::DefaultClassLoader ,4,4,1,1,0,8,0,0,1,499,237,62.375,19,10,2.375,480,237,60.0,125.857,3.11451,7.7601,0.231255,0.0191814,0.206167,0.0277314,12,2,1,11,190,0,6,0,120,20,42,2,0,0,17,54,38,0,0,0,0,0, 
19,org::eclipse::osgi::framework::internal::core::StartLevelEvent ,1,1,1,1,0,9,1,1,6,74,49,8.22222,102,50,11.3333,-28,0,-3.11111,239.143,12.5,3.36934,0.0233368,0.00504088,0.0799243,0.000804404,1,1,1,0,6,0,6,0,15,4,15,4,0,0,4,4,4,0,0,0,0,0, 
20,org::eclipse::equinox::internal::launcher::Constants ,1,1,0,0,0,2,0,0,1,7,7,3.5,1,1,0.5,6,6,3.0,81.0,14.0,1.05668,0.0126795,0.00315071,0.030079,0.00408372,0,1,0,0,0,0,25,0,0,0,7,0,0,0,0,0,0,1,0,1,0,0, 
21,org::eclipse::osgi::tests::appadmin::SimpleApp ,1,1,0,0,0,1,0,0,1,0,0,0.0,0,0,0.0,0,0,0.0,39.7143,0.0,0.0,0.0,0.0,0.0,0.0,2,1,0,2,1,0,2,0,30,2,7,2,0,0,2,10,5,0,0,0,0,0, 
22,org::eclipse::core::runtime::internal::stats::StatsManager ,2,2,0,0,0,7,0,0,1,123,55,17.5714,23,10,3.28571,100,54,14.2857,162.143,40.2032,6.79581,0.058801,0.0223176,0.19012,0.056106,17,1,3,16,210,0,19,8,149,21,14,11,3,7,18,108,38,0,0,0,0,0, 
23,org::eclipse::osgi::baseadaptor::bundlefile::DirZipBundleEntry ,2,2,0,0,0,5,0,0,1,150,73,30.0,3,3,0.6,147,73,29.4,125.857,0.797143,4.042759999999999,0.0425374,0.00680523,0.0989508,0.0012324,3,2,1,3,21,0,2,1,32,7,15,1,0,1,7,14,9,0,0,0,0,0, 
24,org::eclipse::osgi::framework::internal::core::BundlePermissionCollection ,1,1,0,0,0,9,1,1,6,29,8,3.22222,28,9,3.11111,1,5,0.111111,239.143,76.4384,4.64163,0.0354026,0.0100626,0.117441,0.0184328,2,1,2,0,0,2,1,0,0,1,19,1,0,0,0,1,0,0,0,0,0,0, 
25,org::eclipse::osgi::util::TextProcessor ,6,6,1,0,0,7,0,0,1,265,195,37.8571,148,100,21.1429,117,95,16.7143,124.714,40.4232,6.455480000000001,0.7052609999999999,0.05010530000000001,0.243324,0.153757,5,1,2,3,15,0,10,0,114,6,7,10,3,0,3,36,34,1,0,0,0,0, 
26,org::eclipse::osgi::framework::internal::core::DependentPolicy ,3,3,0,0,0,4,0,0,2,28,17,7.0,28,18,7.0,0,9,0.0,163.0,58.2398,4.27148,0.09422589999999999,0.00837626,0.108468,0.00348376,5,1,1,4,15,1,3,0,83,6,10,0,2,3,4,35,24,1,0,0,0,0, 
27,org::eclipse::osgi::internal::resolver::GenericSpecificationImpl ,1,1,0,0,0,1,0,0,1,0,0,0.0,0,0,0.0,0,0,0.0,118.714,0.0,0.0,0.0,0.0,0.0,0.0,12,3,4,8,91,0,4,2,65,14,47,4,0,0,9,35,31,2,0,0,0,0, 
28,org::eclipse::osgi::tests::services::resolver::SimplePlatformAdmin ,1,1,0,0,0,2,0,0,2,1,1,0.5,2,2,1.0,-1,0,-0.5,159.714,34.8571,1.45568,0.00105933,0.00233034,0.0352055,0.000311875,2,2,0,2,0,0,0,7,4,1,38,0,0,0,1,3,1,0,0,0,0,0, 
29,org::eclipse::core::runtime::internal::adaptor::Locker_JavaNio ,3,3,0,0,0,7,0,1,3,13,8,1.85714,21,9,3.0,-8,0,-1.14286,162.143,36.5934,5.03827,0.0493392,0.00823914,0.122427,0.00133874,6,1,1,5,6,0,3,0,73,4,10,3,0,0,4,20,10,0,0,0,0,0, 
30,thread::locktest::Class1 ,1,1,0,0,0,1,0,0,1,0,0,0.0,0,0,0.0,0,0,0.0,85.1429,0.0,0.0,0.0,0.0,0.0,0.0,1,1,1,0,0,0,0,0,0,1,7,0,0,0,1,1,0,0,0,0,0,0, 
31,legacy::lazystart::b::excluded::b::BBExcluded ,1,1,0,0,0,1,0,0,1,0,0,0.0,0,0,0.0,0,0,0.0,85.1429,0.0,0.0,0.0,0.0,0.0,0.0,1,1,1,0,0,0,0,0,0,1,7,0,0,0,1,1,0,0,0,0,0,0, 
32,org::eclipse::osgi::internal::signedcontent::PKCS7DateParser ,1,1,0,0,0,1,0,0,1,0,0,0.0,0,0,0.0,0,0,0.0,27.2857,0.0,0.0,0.0,0.0,0.0,0.0,1,1,1,1,1,0,0,0,27,2,7,0,1,0,0,15,6,0,0,0,0,0, 
33,chain::test::d::Activator ,1,1,0,0,0,1,0,0,1,0,0,0.0,0,0,0.0,0,0,0.0,85.1429,0.0,0.0,0.0,0.0,0.0,0.0,2,1,0,2,1,0,0,0,6,2,9,0,0,0,2,8,2,0,0,0,0,0, 
34,substitutes::y::Ny ,1,1,0,0,0,1,0,0,1,0,0,0.0,0,0,0.0,0,0,0.0,19.1429,0.0,0.0,0.0,0.0,0.0,0.0,0,1,0,0,0,0,0,0,0,0,7,0,0,0,0,0,0,0,0,0,0,0, 
35,osgi::lazystart::LazySimple ,1,1,0,0,0,1,0,0,1,0,0,0.0,0,0,0.0,0,0,0.0,85.1429,0.0,0.0,0.0,0.0,0.0,0.0,1,1,0,1,0,0,0,0,3,1,8,0,0,0,1,2,1,0,0,0,0,0, 
36,substitutes::x::Ix ,1,1,0,0,0,1,0,0,1,0,0,0.0,0,0,0.0,0,0,0.0,19.1429,0.0,0.0,0.0,0.0,0.0,0.0,0,1,0,0,0,0,0,0,0,0,7,0,0,0,0,0,0,0,0,0,0,0, 
37,org::eclipse::osgi::internal::module::ResolverExport ,5,5,0,0,0,13,2,0,3,316,122,24.3077,147,94,11.3077,169,122,13.0,180.0,7.316910000000001,8.71607,0.108434,0.0156006,0.212541,0.0168249,5,2,4,1,15,0,1,1,19,6,16,1,0,0,2,11,6,0,0,0,0,0, 
38,org::eclipse::osgi::internal::resolver::StateObjectFactoryImpl ,16,16,1,0,0,37,7,0,7,599,79,16.1892,302,73,8.16216,297,76,8.02703,239.143,80.1037,16.4888,0.270134,0.0494513,0.45383,0.113984,30,1,1,29,210,0,0,1,221,21,19,0,5,0,16,177,46,0,0,0,0,0, 
39,org::eclipse::osgi::framework::internal::core::StartLevelManager ,14,14,2,0,1,32,3,1,6,546,125,17.0625,546,122,17.0625,0,41,0.0,218.714,75.8618,16.8929,0.722831,0.0554018,0.472266,0.124749,26,1,6,21,406,0,8,0,430,29,23,3,8,0,11,199,109,4,0,0,0,0, 
40,org::eclipse::core::runtime::internal::adaptor::EclipseAppLauncher ,6,4,1,0,0,9,0,0,1,51,19,5.66667,16,4,1.77778,35,19,3.88889,136.143,62.4594,7.438560000000001,0.102111,0.032853,0.229765,0.0922434,13,1,1,12,21,0,8,0,100,7,9,8,2,0,5,45,30,0,0,0,0,0, 
41,org::eclipse::osgi::framework::internal::core::Msg ,7,7,0,0,0,18,0,0,5,143,93,7.944439999999999,84,34,4.66667,59,59,3.27778,239.143,80.2717,10.0342,0.126347,0.033086,0.282877,0.0771027,0,2,0,0,0,0,62,3,0,0,12,1,0,61,0,0,0,1,0,0,0,0, 
42,org::eclipse::osgi::internal::resolver::BundleDescriptionImpl ,24,22,4,2,0,55,6,0,6,1135,308,20.6364,509,110,9.254539999999999,626,198,11.3818,239.143,73.7424,21.7572,0.4274060000000001,0.058311,0.579346,0.123561,24,2,9,17,2775,0,26,0,425,75,48,11,2,0,35,180,147,3,0,0,0,0, 
43,org::eclipse::core::runtime::internal::adaptor::Locker_JavaIo ,2,1,0,0,0,4,0,0,1,20,18,5.0,4,2,1.0,16,16,4.0,162.143,114.014,3.20237,0.0530391,0.010063,0.0911809,0.020623,3,1,1,2,6,0,2,0,44,4,10,2,0,0,4,14,9,0,0,0,0,0, 
44,org::eclipse::osgi::internal::resolver::StateMsg ,8,8,0,0,0,15,2,0,5,59,15,3.93333,53,35,3.53333,6,8,0.4,230.857,82.6053,10.6126,0.0751567,0.0403509,0.31044,0.118848,0,2,0,0,0,0,22,3,0,0,12,1,0,21,0,0,0,1,0,0,0,0, 
45,org::eclipse::osgi::framework::internal::core::BundleSource ,0,0,0,0,0,6,0,0,5,20,12,3.33333,24,16,4.0,-4,0,-0.666667,239.143,29.4929,3.36934,0.0233368,0.00504088,0.0799243,0.000804404,0,1,0,0,3,0,1,2,10,3,13,1,0,0,2,3,3,0,0,0,0,0, 
46,org::eclipse::osgi::storagemanager::StorageManager ,3,3,0,0,0,11,2,0,2,210,131,19.0909,171,121,15.5455,39,32,3.54545,127.857,7.572789999999999,5.51058,0.240665,0.030961,0.182549,0.08743,21,1,6,16,378,0,22,0,503,28,7,22,13,0,13,252,122,1,1,0,0,0, 
47,org::osgi::framework::FrameworkEvent ,3,3,0,0,0,17,2,0,4,499,201,29.3529,437,166,25.7059,62,35,3.64706,239.143,66.2665,7.55192,0.127693,0.0121468,0.181326,0.00530405,10,1,10,0,6,0,10,0,15,4,15,3,0,0,4,4,4,2,0,0,0,0, 
48,org::eclipse::osgi::internal::resolver::StateDeltaImpl ,4,4,0,0,0,18,4,0,6,196,49,10.8889,147,38,8.16667,49,20,2.72222,239.143,44.8418,8.38997,0.052113,0.025207,0.228558,0.0604196,5,1,2,3,36,0,2,0,95,9,9,2,0,0,3,57,28,1,0,0,0,0, 
49,org::eclipse::osgi::framework::internal::core::SystemBundleActivator ,2,2,0,0,0,17,2,1,6,112,70,6.588239999999999,135,86,7.94118,-23,4,-1.35294,239.143,24.6786,5.576230000000001,0.0240805,0.00947894,0.134134,0.0101834,7,1,0,7,6,0,8,0,55,4,9,0,0,0,3,30,14,1,0,0,0,0, 
50,org::eclipse::osgi::framework::internal::core::AliasMapper ,2,2,1,0,0,10,2,0,5,175,131,17.5,222,174,22.2,-47,6,-4.7,239.143,9.99592,4.89304,0.024276,0.00691095,0.11455,0.000853177,9,1,2,7,6,0,2,0,98,4,7,2,0,0,3,36,22,0,0,0,0,0, 
51,org::eclipse::osgi::baseadaptor::bundlefile::DirBundleFile ,3,3,0,0,0,6,0,0,1,249,113,41.5,36,33,6.0,213,113,35.5,125.857,4.91394,5.00534,0.07541360000000001,0.00951747,0.125917,0.00429287,6,2,1,5,21,0,0,3,62,7,20,0,0,0,7,29,14,0,0,0,0,0, 
52,legacy::lazystart::b::excluded::a::BAExcluded ,1,1,0,0,0,1,0,0,1,0,0,0.0,0,0,0.0,0,0,0.0,85.1429,0.0,0.0,0.0,0.0,0.0,0.0,1,1,1,0,0,0,0,0,0,1,7,0,0,0,1,1,0,0,0,0,0,0, 
53,substitutes::y::Ly ,1,1,0,0,0,1,0,0,1,0,0,0.0,0,0,0.0,0,0,0.0,19.1429,0.0,0.0,0.0,0.0,0.0,0.0,0,1,0,0,0,0,0,0,0,0,7,0,0,0,0,0,0,0,0,0,0,0, 
54,org::eclipse::osgi::framework::internal::reliablefile::ReliableFileOutputStream ,3,3,0,0,0,13,3,1,7,204,102,15.6923,160,118,12.3077,44,40,3.38462,239.143,28.458,5.635359999999999,0.0525932,0.00834157,0.133442,0.00113745,6,1,1,5,10,0,3,1,54,5,27,3,1,0,4,22,10,0,0,0,0,0, 
55,org::eclipse::osgi::internal::module::VersionHashMap ,5,5,0,0,0,13,0,0,3,415,162,31.9231,149,126,11.4615,266,162,20.4615,180.0,8.47401,11.4018,0.137771,0.0302431,0.302681,0.0592573,9,2,2,8,21,0,1,1,63,7,13,1,1,0,4,41,28,2,0,0,0,0, 
56,org::eclipse::osgi::framework::internal::core::MultiSourcePackage ,5,5,0,0,0,14,0,0,6,139,33,9.92857,70,20,5.0,69,25,4.92857,239.143,64.4224,6.46017,0.0378043,0.0106805,0.156226,0.00442143,2,2,1,2,10,0,1,1,31,5,22,0,0,1,4,9,10,1,0,0,0,0, 
57,org::eclipse::osgi::internal::provisional::service::security::AuthorizationEvent ,1,1,0,0,0,1,0,0,1,0,0,0.0,0,0,0.0,0,0,0.0,13.0,0.0,0.0,0.0,0.0,0.0,0.0,5,1,5,0,10,0,6,0,18,5,7,4,0,0,5,5,5,0,0,0,0,0, 
58,org::eclipse::core::runtime::internal::adaptor::EclipseCommandProvider ,9,7,0,0,0,13,0,1,2,175,118,13.4615,90,32,6.923080000000001,85,107,6.53846,162.143,117.165,10.3796,0.429172,0.0368341,0.30198,0.0923593,17,1,1,16,45,0,3,0,188,10,8,3,4,0,6,115,37,0,0,0,0,0, 
59,org::eclipse::core::runtime::internal::stats::BundleStats ,1,1,0,0,0,2,0,0,1,2,2,1.0,2,2,1.0,0,0,0.0,162.143,51.1429,1.80545,0.0204604,0.00325359,0.0449517,0.0007769910000000001,3,1,1,2,231,0,11,0,73,22,7,8,0,3,14,28,26,0,0,0,0,0, 
60,legacy::lazystart::FalseExceptionLegacy2 ,1,1,0,0,0,1,0,0,1,0,0,0.0,0,0,0.0,0,0,0.0,85.1429,0.0,0.0,0.0,0.0,0.0,0.0,1,1,0,1,0,0,0,0,3,1,8,0,0,0,1,2,1,0,0,0,0,0, 
61,org::osgi::service::permissionadmin::PermissionInfo ,3,3,0,0,0,16,2,0,4,1064,372,66.5,1148,441,71.75,-84,38,-5.25,239.143,67.3051,7.23572,0.245985,0.0100229,0.168448,0.00159788,7,1,3,4,45,0,3,0,217,10,7,3,2,0,8,55,57,1,0,0,0,0, 
62,org::eclipse::osgi::baseadaptor::bundlefile::MRUBundleFileList ,4,4,2,2,0,12,1,0,1,436,142,36.3333,48,29,4.0,388,142,32.3333,125.857,15.2654,10.1322,0.393707,0.0430045,0.308139,0.103594,7,1,2,5,55,0,11,0,125,11,8,11,3,0,8,36,33,1,0,0,0,0, 
63,org::eclipse::core::runtime::internal::adaptor::PluginParser ,4,4,0,0,0,10,0,0,2,35,7,3.5,23,5,2.3,12,7,1.2,162.143,32.0939,8.19537,0.0595996,0.0233627,0.219499,0.05553110000000001,16,1,2,14,435,0,20,62,403,30,35,17,2,3,27,219,107,1,0,0,0,0, 
64,osgi::lazystart::c::excluded::b::CBExcluded ,1,1,0,0,0,1,0,0,1,0,0,0.0,0,0,0.0,0,0,0.0,85.1429,0.0,0.0,0.0,0.0,0.0,0.0,1,1,1,0,0,0,0,0,0,1,7,0,0,0,1,1,0,0,0,0,0,0, 
65,org::eclipse::osgi::tests::bundles::BundleInstaller ,6,6,1,1,0,6,0,0,1,78,29,13.0,16,11,2.66667,62,28,10.3333,85.1429,45.7198,3.66794,0.242556,0.0240648,0.133375,0.0823985,19,1,9,10,66,0,7,0,155,12,7,7,0,0,12,83,30,3,0,0,0,0, 
66,substitutes::y::Jy ,1,1,0,0,0,1,0,0,1,0,0,0.0,0,0,0.0,0,0,0.0,19.1429,0.0,0.0,0.0,0.0,0.0,0.0,0,1,0,0,0,0,0,0,0,0,7,0,0,0,0,0,0,0,0,0,0,0, 
67,host::multiple::exports::PublicClass2 ,1,1,0,0,0,1,0,0,1,0,0,0.0,0,0,0.0,0,0,0.0,40.8571,0.0,0.0,0.0,0.0,0.0,0.0,0,1,0,0,0,0,0,0,0,0,7,0,0,0,0,0,0,0,0,0,0,0, 
68,org::eclipse::osgi::internal::resolver::VersionConstraintImpl ,2,2,0,0,0,14,1,0,5,114,42,8.14286,148,41,10.5714,-34,19,-2.42857,239.143,52.2932,4.23984,0.050055,0.0233466,0.137633,0.0831489,14,2,11,4,45,5,4,0,36,10,20,4,0,0,6,15,13,1,0,0,0,0, 
69,org::eclipse::osgi::framework::eventmgr::EventThread ,1,1,0,0,0,9,1,0,5,194,140,21.5556,204,161,22.6667,-10,13,-1.11111,239.143,22.2452,1.56389,0.00383528,0.00178729,0.0349726,2.74126e-05,5,1,2,4,15,0,4,0,70,6,27,4,2,0,1,16,16,0,0,0,0,0, 
70,legacy::lazystart::SimpleLegacy ,1,1,0,0,0,1,0,0,1,0,0,0.0,0,0,0.0,0,0,0.0,85.1429,0.0,0.0,0.0,0.0,0.0,0.0,1,1,0,1,0,0,0,0,3,1,8,0,0,0,1,2,1,0,0,0,0,0, 
71,org::eclipse::osgi::internal::signedcontent::Base64 ,1,1,0,0,0,1,0,0,1,0,0,0.0,0,0,0.0,0,0,0.0,27.2857,0.0,0.0,0.0,0.0,0.0,0.0,1,1,1,0,3,0,2,0,153,3,7,1,0,1,2,7,28,0,0,0,0,0, 
72,org::eclipse::osgi::internal::baseadaptor::BasePermissionStorage ,1,1,0,0,0,3,0,0,1,166,83,55.3333,0,0,0.0,166,83,55.3333,125.857,0.5,1.5526,0.0130683,0.0024648,0.0374733,0.00031645,2,1,1,2,28,0,5,0,49,8,12,5,0,0,7,21,13,0,0,0,0,0, 
73,host::multiple::exports::PrivateClass2 ,1,1,0,0,0,1,0,0,1,0,0,0.0,0,0,0.0,0,0,0.0,40.8571,0.0,0.0,0.0,0.0,0.0,0.0,0,1,0,0,0,0,0,0,0,0,7,0,0,0,0,0,0,0,0,0,0,0, 
74,org::eclipse::osgi::framework::internal::core::ServiceRegistryImpl ,2,1,0,0,0,3,0,0,1,7,5,2.33333,7,5,2.33333,0,0,0.0,162.143,56.9592,2.66716,0.03708640000000001,0.00493033,0.06682410000000001,0.00133571,2,1,1,1,15,0,3,0,110,6,11,0,0,0,6,37,17,1,0,0,0,0, 
75,org::eclipse::core::runtime::internal::stats::ResourceBundleStats ,1,1,0,0,0,2,0,0,1,2,2,1.0,2,2,1.0,0,0,0.0,162.143,51.1429,1.80545,0.0204604,0.00325359,0.0449517,0.0007769910000000001,4,1,0,4,55,0,7,0,56,11,7,7,2,0,9,26,13,0,0,0,0,0, 
76,org::eclipse::core::runtime::internal::adaptor::EclipseClassLoadingHook ,5,4,2,0,0,12,2,0,1,569,264,47.4167,111,47,9.25,458,264,38.1667,125.714,4.5059,8.37205,0.335622,0.0527692,0.290368,0.136551,16,1,0,16,78,0,4,0,180,13,14,4,5,0,8,101,57,0,0,0,0,0, 
77,org::eclipse::osgi::internal::signedcontent::SignedContentImpl ,2,2,0,0,0,2,0,0,1,9,9,4.5,3,3,1.5,6,6,3.0,27.2857,16.4286,1.00337,0.0333408,0.0184252,0.059163,0.0641151,13,1,7,6,91,0,6,0,86,14,14,4,1,1,8,43,33,0,0,0,0,0, 
78,org::eclipse::osgi::baseadaptor::bundlefile::BundleEntry ,2,2,0,0,0,7,0,0,1,219,79,31.2857,5,2,0.714286,214,79,30.5714,125.857,2.44749,5.32311,0.05494159999999999,0.0203139,0.155851,0.0560013,12,1,10,2,28,4,1,0,49,8,7,0,0,0,8,18,11,0,0,0,0,0, 
79,org::eclipse::osgi::internal::module::ResolverImpl ,58,57,11,4,0,96,12,0,3,4201,1063,43.7604,1315,360,13.6979,2886,1063,30.0625,180.0,42.1587,36.0219,2.67075,0.107839,0.993943,0.221266,39,1,5,38,2016,0,32,0,1543,64,17,25,49,7,11,1009,534,3,0,0,0,0, 
80,osgi::lazystart::c::excluded::a::CAExcluded ,1,1,0,0,0,1,0,0,1,0,0,0.0,0,0,0.0,0,0,0.0,85.1429,0.0,0.0,0.0,0.0,0.0,0.0,1,1,1,0,0,0,0,0,0,1,7,0,0,0,1,1,0,0,0,0,0,0, 
81,nativetest::c::Activator ,1,1,0,0,0,1,0,0,1,0,0,0.0,0,0,0.0,0,0,0.0,42.0,0.0,0.0,0.0,0.0,0.0,0.0,4,1,0,4,1,0,0,0,8,2,9,0,0,0,2,8,2,0,0,0,0,0, 
82,org::eclipse::osgi::framework::internal::protocol::MultiplexingURLStreamHandler ,2,1,0,0,0,4,0,0,1,7,3,1.75,15,7,3.75,-8,0,-2.0,124.286,76.8163,3.61726,0.0523871,0.0149135,0.111739,0.0415065,10,1,1,10,66,0,14,0,173,12,16,14,1,0,1,121,23,0,0,0,0,0, 
83,org::eclipse::osgi::service::resolver::DisabledInfo ,3,3,0,0,0,4,0,0,1,4,2,1.0,3,2,0.75,1,1,0.25,34.8571,20.5714,1.782,0.0263727,0.0242588,0.0892005,0.08675419999999999,11,1,9,2,10,0,3,0,28,5,7,3,0,0,5,11,13,2,1,0,0,0, 
84,substitutes::q::AFq ,1,1,0,0,0,1,0,0,1,0,0,0.0,0,0,0.0,0,0,0.0,19.1429,0.0,0.0,0.0,0.0,0.0,0.0,0,1,0,0,0,0,0,0,0,0,7,0,0,0,0,0,0,0,0,0,0,0, 
85,legacy::lazystart::TrueExceptionLegacy1 ,1,1,0,0,0,1,0,0,1,0,0,0.0,0,0,0.0,0,0,0.0,85.1429,0.0,0.0,0.0,0.0,0.0,0.0,2,1,0,2,0,0,0,0,4,1,8,0,0,0,1,3,1,0,0,0,0,0, 
86,org::eclipse::osgi::framework::internal::core::Framework ,58,53,3,2,1,134,23,1,8,2262,325,16.8806,2219,502,16.5597,43,159,0.320896,239.143,66.8093,33.736,1.34951,0.093806,0.9095700000000001,0.195082,77,1,18,67,1653,0,45,0,1250,58,17,14,21,7,13,523,251,13,0,0,0,0, 
87,org::osgi::service::condpermadmin::ConditionInfo ,2,2,0,0,0,9,2,0,1,388,161,43.1111,343,134,38.1111,45,27,5.0,178.857,28.7121,7.2789,0.201274,0.00996334,0.168955,0.00157588,8,1,4,4,36,0,2,0,186,9,7,2,2,0,7,51,46,1,0,0,0,0, 
88,org::eclipse::osgi::framework::internal::core::PermissionsHash ,0,0,0,0,0,9,2,0,5,82,68,9.11111,90,77,10.0,-8,1,-0.8888889999999999,239.143,13.6638,3.36934,0.0233368,0.00504088,0.0799243,0.000804404,4,1,1,3,6,0,2,0,30,4,19,1,0,1,4,14,9,0,0,0,0,0, 
89,org::eclipse::osgi::service::pluginconversion::PluginConversionException ,1,1,0,0,0,7,1,0,4,37,29,5.28571,10,4,1.42857,27,27,3.85714,217.714,50.1622,2.99799,0.0330965,0.00356772,0.0676475,7.77927e-05,0,1,0,0,1,0,2,0,6,2,18,2,0,0,2,2,2,0,0,0,0,0, 
90,nativetest::b1::Activator ,1,1,1,1,0,1,0,0,1,0,0,0.0,0,0,0.0,0,0,0.0,53.0,0.0,0.0,0.0,0.0,0.0,0.0,4,1,0,4,1,0,0,0,9,2,9,0,0,0,2,8,2,0,0,0,0,0, 
91,org::eclipse::osgi::internal::signedcontent::BERProcessor ,1,1,0,0,0,1,0,0,1,0,0,0.0,0,0,0.0,0,0,0.0,27.2857,0.0,0.0,0.0,0.0,0.0,0.0,5,1,1,4,45,0,20,0,145,10,7,0,0,9,10,38,39,0,0,0,0,0, 
92,org::eclipse::osgi::framework::log::FrameworkLogEntry ,3,3,0,0,0,12,2,1,5,149,94,12.4167,25,6,2.08333,124,93,10.3333,229.143,77.0153,5.74218,0.127408,0.00789918,0.133789,0.0006174209999999999,21,1,21,0,28,0,12,0,30,8,7,7,0,0,8,8,8,0,0,0,0,0, 
93,exporter::importer::Activator ,1,1,0,0,0,1,0,0,1,0,0,0.0,0,0,0.0,0,0,0.0,21.5714,0.0,0.0,0.0,0.0,0.0,0.0,1,1,0,1,1,0,0,0,7,2,9,0,0,0,2,3,2,0,0,0,0,0, 
94,org::eclipse::osgi::internal::baseadaptor::DevClassLoadingHook ,2,2,1,0,0,6,0,0,1,205,76,34.1667,9,3,1.5,196,76,32.6667,125.714,6.77073,3.47713,0.06157719999999999,0.00604026,0.0857186,0.00139815,6,1,0,6,55,0,2,0,61,11,17,0,0,0,11,27,21,0,0,0,0,0, 
95,org::eclipse::core::runtime::internal::stats::ClassloaderStats ,2,2,0,0,0,3,0,0,1,15,13,5.0,8,6,2.66667,7,7,2.33333,162.143,91.8762,2.8028,0.0476795,0.00632482,0.0736046,0.00506405,12,1,3,10,190,0,11,0,172,20,7,10,7,1,12,102,36,0,0,0,0,0, 
96,org::eclipse::core::runtime::internal::adaptor::ClasspathManifest ,1,1,0,0,0,6,0,0,1,184,88,30.6667,22,13,3.66667,162,88,27.0,125.857,0.482143,2.23731,0.016766,0.00355164,0.0539991,0.000455407,10,1,1,9,15,0,4,0,47,6,10,2,1,0,5,23,15,0,0,0,0,0, 
97,org::eclipse::osgi::internal::resolver::StateHelperImpl ,13,11,0,0,0,32,4,0,5,517,45,16.1563,347,101,10.8438,170,45,5.3125,223.714,82.9298,19.4467,0.661068,0.0480741,0.507472,0.0886258,16,1,4,13,171,0,1,3,248,19,15,1,10,0,9,171,98,4,0,0,0,0, 
98,circularity::test::a::Activator ,1,1,0,0,0,1,0,0,1,0,0,0.0,0,0,0.0,0,0,0.0,85.1429,0.0,0.0,0.0,0.0,0.0,0.0,4,1,0,4,1,0,0,0,11,2,9,0,0,0,2,11,2,0,0,0,0,0, 
99,org::osgi::framework::PackagePermission ,2,2,0,0,0,12,1,0,4,1191,522,99.25,1243,542,103.583,-52,8,-4.33333,239.143,62.356,5.38882,0.159366,0.00777846,0.12658,0.00153909,7,1,1,7,45,0,9,0,76,10,33,6,3,0,5,29,22,1,0,0,0,0, 
100,org::eclipse::osgi::internal::resolver::StateWriter ,22,20,2,1,1,43,3,0,7,872,184,20.2791,316,49,7.348839999999999,556,139,12.9302,239.143,82.4025,18.2652,0.417263,0.0490372,0.488007,0.0997127,34,1,1,33,435,0,2,0,501,30,7,2,27,0,2,341,119,1,0,0,0,0, 
101,org::eclipse::osgi::framework::internal::core::FrameworkSecurityManager ,2,2,0,0,0,9,2,1,2,142,51,15.7778,104,42,11.5556,38,19,4.22222,177.857,43.168,7.71238,0.0709882,0.02402,0.212488,0.0578919,7,1,3,4,21,0,1,0,121,7,12,0,1,1,5,71,29,0,0,0,0,0, 
102,org::eclipse::core::runtime::internal::adaptor::BundleLocalizationImpl ,1,1,0,0,0,3,0,0,1,2,2,0.666667,5,3,1.66667,-3,0,-1.0,162.143,51.1429,2.80848,0.0264338,0.004674899999999999,0.0685148,0.000872555,2,1,1,1,1,0,0,0,3,2,8,0,0,0,2,3,1,0,0,0,0,0, 
103,org::eclipse::osgi::internal::module::PermissionChecker ,4,3,1,1,0,13,1,0,3,167,40,12.8462,52,26,4.0,115,40,8.84615,180.0,15.7083,10.8639,0.115987,0.0269159,0.280953,0.0560865,10,1,2,9,1,0,3,0,48,2,7,3,0,0,2,28,18,0,0,0,0,0, 
104,org::eclipse::osgi::framework::internal::core::SecurePermissionStorage ,1,1,0,0,0,3,1,0,1,14,13,4.66667,15,14,5.0,-1,0,-0.333333,162.143,22.3673,2.55158,0.0336037,0.00445707,0.06289460000000001,0.00126381,3,1,1,2,21,0,10,0,69,7,12,10,0,0,7,23,12,0,0,0,0,0, 
105,org::eclipse::core::runtime::internal::adaptor::EclipseLogHook ,1,1,0,0,0,3,0,0,1,250,125,83.3333,0,0,0.0,250,125,83.3333,125.286,0.214286,1.45568,0.08827739999999999,0.00233034,0.0352055,0.000311875,16,1,0,16,66,0,2,0,81,12,17,1,2,1,10,53,18,1,0,0,0,0, 
106,org::eclipse::osgi::framework::internal::core::SystemBundle ,5,5,1,0,0,30,5,1,6,428,233,14.2667,425,266,14.1667,3,54,0.1,239.143,50.6575,11.0202,0.237714,0.0535415,0.341038,0.152795,18,3,2,17,153,0,1,18,103,18,111,0,0,1,7,44,22,2,0,0,0,0, 
107,chain::test::c::Activator ,1,1,0,0,0,1,0,0,1,0,0,0.0,0,0,0.0,0,0,0.0,85.1429,0.0,0.0,0.0,0.0,0.0,0.0,2,1,0,2,1,0,0,0,6,2,9,0,0,0,2,8,2,0,0,0,0,0, 
108,org::eclipse::osgi::framework::internal::core::PackageSource ,4,4,0,0,0,19,1,0,6,126,32,6.63158,45,11,2.36842,81,27,4.26316,239.143,61.3379,9.84115,0.122068,0.0204428,0.250087,0.0232856,6,1,5,2,66,3,1,0,39,12,10,0,0,0,12,18,15,1,0,0,0,0, 
109,org::eclipse::osgi::framework::internal::core::ServiceRegistrationImpl ,10,8,1,1,0,23,4,1,6,1022,649,44.4348,1092,739,47.4783,-70,95,-3.04348,218.714,53.0108,13.8863,0.389075,0.0341551,0.36207,0.0609485,12,1,4,10,136,0,15,0,336,17,10,10,1,5,4,79,59,1,0,0,0,0, 
110,org::eclipse::osgi::framework::internal::protocol::reference::ReferenceURLConnection ,7,6,2,1,0,15,1,0,6,151,74,10.0667,178,83,11.8667,-27,18,-1.8,239.143,36.4551,6.727189999999999,0.0596479,0.00862322,0.154262,0.000427806,7,1,1,6,21,0,1,2,48,7,13,0,2,0,4,27,15,0,0,0,0,0, 
111,org::eclipse::osgi::internal::profile::DefaultProfileLogger ,3,2,0,0,0,3,0,0,1,94,86,31.3333,8,7,2.66667,86,85,28.6667,162.143,28.8571,2.71633,0.133846,0.004160199999999999,0.06499500000000001,0.000444512,14,1,1,13,253,0,24,0,294,23,12,2,0,0,6,122,73,0,0,0,0,0, 
112,org::eclipse::osgi::internal::module::GenericCapability ,1,1,0,0,0,1,0,0,1,0,0,0.0,0,0,0.0,0,0,0.0,118.714,0.0,0.0,0.0,0.0,0.0,0.0,4,2,2,3,6,0,1,1,13,4,16,0,0,1,3,7,4,0,0,0,0,0, 
113,org::eclipse::osgi::framework::internal::core::PolicyHandler ,3,3,0,0,0,5,0,0,2,28,13,5.6,19,12,3.8,9,9,1.8,163.0,89.9388,5.551830000000001,0.0656852,0.0218849,0.165368,0.05825269999999999,10,1,2,9,36,0,11,0,143,9,7,9,3,2,5,66,41,2,0,0,0,0, 
114,org::eclipse::osgi::framework::internal::core::ServiceUse ,3,3,2,1,0,20,4,1,7,439,259,21.95,524,306,26.2,-85,14,-4.25,239.143,64.60300000000001,5.71254,0.116713,0.0253502,0.171902,0.08325360000000001,9,1,1,8,6,0,5,0,133,4,7,5,0,0,0,48,17,2,0,0,0,0, 
115,org::eclipse::osgi::internal::resolver::BundleDeltaImpl ,1,1,0,0,0,9,1,0,5,52,15,5.77778,25,9,2.77778,27,8,3.0,239.143,42.8819,3.38341,0.00627343,0.00387981,0.0757162,6.20124e-05,5,2,1,4,28,0,2,9,45,8,10,2,1,0,5,26,19,1,0,0,0,0, 
116,org::eclipse::osgi::internal::profile::Profile ,3,2,0,0,0,3,0,0,1,55,48,18.3333,20,14,6.66667,35,34,11.6667,162.143,29.1403,2.71633,0.0962163,0.004160199999999999,0.06499500000000001,0.000444512,9,1,4,5,28,0,21,0,92,8,7,12,1,3,7,46,26,0,0,0,0,0, 
117,org::eclipse::core::runtime::internal::adaptor::URLConverterImpl ,2,2,0,0,0,4,0,1,1,28,13,7.0,28,13,7.0,0,4,0.0,162.143,36.4898,2.23731,0.0122874,0.00355164,0.0539991,0.000455407,3,1,1,2,3,0,0,0,12,3,9,0,0,0,3,7,4,1,0,0,0,0, 
118,org::eclipse::core::runtime::internal::adaptor::ContextFinder ,12,10,4,3,0,21,0,0,2,263,67,12.5238,172,29,8.19048,91,43,4.33333,162.143,51.9723,12.6435,0.72654,0.0282441,0.328829,0.0309022,6,1,1,5,45,0,4,0,108,10,24,2,4,2,3,55,36,0,0,0,0,0, 
119,org::eclipse::osgi::baseadaptor::bundlefile::BundleFile ,5,5,1,0,0,13,2,0,1,421,183,32.3846,17,5,1.30769,404,183,31.0769,125.857,8.91347,9.833839999999999,0.120935,0.0239365,0.262567,0.0270771,28,1,21,8,91,5,4,0,55,14,7,1,1,0,11,39,17,2,0,0,0,0, 
120,legacy::lazystart::c::Activator ,1,1,0,0,0,1,0,0,1,0,0,0.0,0,0,0.0,0,0,0.0,85.1429,0.0,0.0,0.0,0.0,0.0,0.0,2,1,0,2,1,0,0,0,6,2,9,0,0,0,2,8,2,0,0,0,0,0, 
121,chain::test::b::BChain ,1,1,0,0,0,1,0,0,1,0,0,0.0,0,0,0.0,0,0,0.0,85.1429,0.0,0.0,0.0,0.0,0.0,0.0,0,1,0,0,0,1,0,0,0,0,7,0,0,0,0,0,0,0,0,0,0,0, 
122,ext::extclasspath::a::importer::Activator ,1,1,0,0,0,2,0,0,1,10,10,5.0,0,0,0.0,10,10,5.0,40.8571,3.14286,1.11258,0.0301612,0.00568177,0.0373952,0.0173512,6,1,0,6,3,0,0,0,15,3,9,0,1,0,2,14,3,0,0,0,0,0, 
123,org::eclipse::osgi::internal::signedcontent::TrustEngineListener ,3,3,0,0,0,3,0,0,1,3,2,1.0,3,2,1.0,0,0,0.0,27.2857,19.5238,1.53632,0.0286861,0.0412709,0.12341,0.108877,17,1,3,15,36,0,3,0,130,9,7,3,3,0,3,72,35,1,0,0,0,0, 
124,substitutes::x::Ax ,1,1,0,0,0,1,0,0,1,0,0,0.0,0,0,0.0,0,0,0.0,19.1429,0.0,0.0,0.0,0.0,0.0,0.0,0,1,0,0,0,0,0,0,0,0,7,0,0,0,0,0,0,0,0,0,0,0, 
125,org::eclipse::osgi::internal::resolver::BaseDescriptionImpl ,1,1,0,0,0,5,0,0,3,81,38,16.2,5,3,1.0,76,38,15.2,180.0,1.85891,3.66738,0.00893218,0.00485337,0.084597,0.000407824,7,1,7,0,6,4,2,0,14,4,10,2,0,0,2,4,5,1,0,0,0,0, 
126,org::eclipse::core::runtime::internal::adaptor::EclipseLazyStarter ,5,5,0,0,0,10,2,0,1,547,202,54.7,100,73,10.0,447,159,44.7,125.714,17.9888,7.90097,0.326291,0.0299019,0.234359,0.0743943,24,1,0,24,171,0,7,0,196,19,22,7,4,0,15,107,65,1,0,0,0,0, 
127,org::eclipse::core::runtime::adaptor::LocationManager ,20,17,4,2,2,37,3,1,7,541,47,14.6216,285,27,7.7027,256,44,6.91892,226.857,72.8463,15.1537,0.697616,0.0504974,0.425571,0.109464,18,1,8,10,171,0,35,0,244,19,7,14,10,0,9,149,72,2,0,0,0,0, 
128,org::eclipse::osgi::internal::signedcontent::PKCS7Processor ,1,1,0,0,0,1,0,0,1,0,0,0.0,0,0,0.0,0,0,0.0,27.2857,0.0,0.0,0.0,0.0,0.0,0.0,19,1,2,18,153,0,12,28,369,18,7,11,9,1,8,147,62,1,0,0,0,0, 
129,org::eclipse::osgi::internal::signedcontent::SignatureBlockProcessor ,1,1,0,0,0,1,0,0,1,0,0,0.0,0,0,0.0,0,0,0.0,27.2857,0.0,0.0,0.0,0.0,0.0,0.0,20,1,2,19,136,0,5,28,399,17,7,5,14,0,2,171,73,1,0,0,0,0, 
130,org::eclipse::osgi::framework::internal::protocol::MultiplexingFactory ,1,0,0,0,0,2,0,0,1,1,1,0.5,1,1,0.5,0,0,0.0,124.286,7.57143,1.27192,0.00403564,0.00217381,0.0312557,0.000404701,14,1,3,11,45,2,6,0,94,10,7,3,1,0,8,72,22,0,0,0,0,0, 
131,org::eclipse::core::runtime::internal::adaptor::EclipseEnvironmentInfo ,6,5,0,0,0,7,0,0,1,27,15,3.85714,19,14,2.71429,8,8,1.14286,162.143,73.9894,3.20728,0.0410673,0.00909957,0.08780539999999999,0.0189425,9,1,5,4,171,0,16,0,160,19,18,13,2,3,17,66,46,0,0,0,0,0, 
132,org::eclipse::osgi::internal::signedcontent::BundleInstallListener ,2,2,0,0,0,2,0,0,1,1,1,0.5,1,1,0.5,0,0,0.0,27.2857,14.2857,0.816746,0.00601882,0.0128408,0.04411280000000001,0.0476675,6,3,1,5,1,0,0,0,19,2,15,0,0,0,2,9,5,0,0,0,0,0, 
133,org::eclipse::core::runtime::internal::adaptor::Semaphore ,2,2,0,0,0,3,0,0,1,3,2,1.0,3,2,1.0,0,0,0.0,162.143,61.0476,2.99956,0.0221878,0.00620245,0.0772125,0.00307906,6,1,4,2,6,0,1,0,28,4,7,0,0,0,4,8,7,0,0,0,0,0, 
134,osgi::lazystart::LazyExclude1 ,1,1,0,0,0,1,0,0,1,0,0,0.0,0,0,0.0,0,0,0.0,85.1429,0.0,0.0,0.0,0.0,0.0,0.0,2,1,0,2,0,0,0,0,4,1,8,0,0,0,1,3,1,0,0,0,0,0, 
135,substitutes::x::Nx ,1,1,0,0,0,1,0,0,1,0,0,0.0,0,0,0.0,0,0,0.0,19.1429,0.0,0.0,0.0,0.0,0.0,0.0,0,1,0,0,0,0,0,0,0,0,7,0,0,0,0,0,0,0,0,0,0,0, 
136,osgi::lazystart::b::excluded::b::BBExcluded ,1,1,0,0,0,1,0,0,1,0,0,0.0,0,0,0.0,0,0,0.0,85.1429,0.0,0.0,0.0,0.0,0.0,0.0,1,1,1,0,0,0,0,0,0,1,7,0,0,0,1,1,0,0,0,0,0,0, 
137,org::eclipse::equinox::launcher::WebStartMain ,7,7,3,2,0,14,2,0,2,312,136,22.2857,338,242,24.1429,-26,75,-1.85714,81.1429,11.4899,7.74631,0.748927,0.03913680000000001,0.255544,0.117569,16,2,0,16,78,0,6,29,198,13,24,6,8,0,2,118,49,1,0,1,0,0, 
138,org::eclipse::core::runtime::internal::adaptor::LocationHelper ,0,0,0,0,0,1,0,1,1,0,0,0.0,0,0,0.0,0,0,0.0,82.7143,0.0,0.0,0.0,0.0,0.0,0.0,5,1,2,3,1,0,0,0,27,2,7,0,1,0,1,18,7,0,0,0,0,0, 
139,org::eclipse::core::runtime::internal::adaptor::DefaultStartupMonitor ,2,2,0,0,0,2,0,0,1,16,16,8.0,3,3,1.5,13,13,6.5,81.2857,7.42857,1.23279,0.028671,0.00329293,0.0340271,0.00322608,9,1,1,8,3,0,2,0,32,3,9,2,0,0,3,16,6,0,0,0,0,0, 
140,org::eclipse::osgi::framework::internal::protocol::ContentHandlerFactory ,9,7,2,0,0,20,2,0,6,161,50,8.05,122,60,6.1,39,24,1.95,239.143,75.8651,12.8303,0.109973,0.0201323,0.307556,0.00482416,18,2,2,17,15,0,7,3,107,6,24,7,0,0,6,46,23,0,0,0,0,0, 
141,osgi::lazystart::c::Activator ,1,1,0,0,0,1,0,0,1,0,0,0.0,0,0,0.0,0,0,0.0,85.1429,0.0,0.0,0.0,0.0,0.0,0.0,2,1,0,2,1,0,0,0,6,2,9,0,0,0,2,8,2,0,0,0,0,0, 
142,org::eclipse::osgi::framework::internal::core::BundleResourceHandler ,5,5,1,0,0,16,0,0,4,670,280,41.875,97,29,6.0625,573,280,35.8125,180.0,11.5712,11.2716,0.0832847,0.0190556,0.274125,0.00948777,15,1,1,14,78,2,4,0,210,13,17,1,0,0,2,107,67,2,0,0,0,0, 
143,org::eclipse::osgi::framework::internal::core::BundleHost ,29,29,5,1,0,77,14,1,7,790,125,10.2597,1000,183,12.987,-210,49,-2.72727,239.143,73.3463,25.1033,0.588834,0.0746115,0.683134,0.119439,28,2,10,22,210,1,3,16,456,21,91,1,1,0,5,174,126,7,0,0,0,0, 
144,org::eclipse::core::runtime::internal::adaptor::BasicLocation ,5,3,0,0,0,7,0,1,2,93,56,13.2857,42,22,6.0,51,34,7.285710000000001,162.143,114.169,5.09245,0.155495,0.0251327,0.164635,0.07697000000000001,13,1,2,11,136,0,10,5,140,17,19,8,4,1,13,69,44,2,0,0,0,0, 
145,org::eclipse::osgi::internal::resolver::GenericDescriptionImpl ,1,1,0,0,0,1,0,0,1,0,0,0.0,0,0,0.0,0,0,0.0,118.714,0.0,0.0,0.0,0.0,0.0,0.0,7,2,4,3,28,0,3,1,30,8,19,3,0,0,5,18,10,1,0,0,0,0, 
146,org::eclipse::osgi::framework::internal::core::FrameworkCommandProvider ,13,9,0,0,0,40,3,1,7,2866,1355,71.65,2438,1432,60.95,428,145,10.7,239.143,39.0123,20.7622,1.07722,0.0467079,0.538207,0.0602701,46,3,1,45,2145,0,9,0,1434,66,16,9,6,0,54,677,288,5,0,0,0,0, 
147,osgi::lazystart::LazyInclude1 ,1,1,0,0,0,1,0,0,1,0,0,0.0,0,0,0.0,0,0,0.0,85.1429,0.0,0.0,0.0,0.0,0.0,0.0,2,1,0,2,0,0,0,0,4,1,8,0,0,0,1,3,1,0,0,0,0,0, 
148,org::eclipse::osgi::framework::internal::core::FrameworkCommandInterpreter ,4,4,0,0,0,19,2,1,6,627,454,33.0,633,481,33.3158,-6,14,-0.315789,239.143,31.5443,11.5097,0.579979,0.03462680000000001,0.315998,0.080062,16,1,1,16,171,0,10,0,289,19,14,8,7,0,10,137,64,0,0,0,0,0, 
149,org::eclipse::osgi::internal::baseadaptor::SystemBundleData ,3,2,0,0,0,5,0,0,1,361,177,72.2,1,1,0.2,360,177,72.0,125.857,1.08271,3.74492,0.0435093,0.00786638,0.09651330000000001,0.00520896,17,2,1,17,91,0,1,9,138,14,80,1,5,0,9,58,28,2,0,0,0,0, 
150,org::eclipse::osgi::internal::baseadaptor::BundleUpdate ,1,1,0,0,0,6,1,0,1,310,154,51.6667,5,4,0.833333,305,154,50.8333,125.857,0.506912,2.23731,0.0272677,0.00355164,0.0539991,0.000455407,17,1,1,17,6,0,4,0,97,4,10,4,0,0,4,72,15,0,0,0,0,0, 
151,org::eclipse::osgi::internal::resolver::StateReader ,20,19,3,2,1,50,6,0,7,1467,430,29.34,516,170,10.32,951,374,19.02,239.143,74.5032,21.5348,0.479871,0.05420560000000001,0.5666680000000001,0.100592,23,1,3,22,630,0,16,0,596,36,7,9,29,0,3,331,146,2,0,0,0,0, 
152,org::eclipse::osgi::internal::signedcontent::SignedBundleFile ,3,3,0,0,0,3,0,0,1,13,11,4.33333,4,2,1.33333,9,9,3.0,27.2857,18.0,1.38948,0.0377823,0.0280779,0.086965,0.09271889999999999,12,2,4,10,190,0,3,31,124,20,27,2,1,1,14,67,52,0,0,0,0,0, 
153,org::eclipse::osgi::framework::internal::core::ConditionalPermissionInfoImpl ,9,9,0,0,0,18,4,1,2,232,62,12.8889,102,56,5.66667,130,62,7.22222,178.857,26.6299,12.3019,0.253672,0.0274271,0.308872,0.05530259999999999,16,1,4,13,55,0,11,0,182,11,18,9,1,2,6,68,48,0,0,0,0,0, 
154,org::eclipse::osgi::internal::signedcontent::SignedContentMessages ,2,2,0,0,0,2,0,0,1,3,3,1.5,1,1,0.5,2,2,1.0,27.2857,12.1429,0.8948139999999999,0.0237184,0.0117639,0.0440723,0.0461278,0,2,0,0,0,0,17,3,0,0,12,3,0,14,0,0,0,0,0,0,0,0, 
155,org::eclipse::osgi::framework::eventmgr::EventListeners ,2,2,0,0,0,11,0,0,5,260,142,23.6364,99,49,9.0,161,131,14.6364,239.143,34.961,7.820580000000001,0.06040069999999999,0.0396496,0.245305,0.119761,10,1,6,4,15,0,5,0,88,6,7,5,1,0,4,18,22,2,0,0,0,0, 
156,xfriends::test3::Activator ,1,1,0,0,0,1,0,0,1,0,0,0.0,0,0,0.0,0,0,0.0,40.8571,0.0,0.0,0.0,0.0,0.0,0.0,2,1,0,2,1,0,0,0,15,2,9,0,0,0,2,10,2,0,0,0,0,0, 
157,org::eclipse::osgi::util::NLS ,5,5,1,0,0,19,0,0,4,490,237,25.7895,193,62,10.1579,297,230,15.6316,176.143,45.9746,9.49506,0.484675,0.0432681,0.287726,0.125841,26,1,11,16,28,6,7,0,214,8,7,4,3,0,2,79,48,0,0,0,0,0, 
158,org::eclipse::osgi::framework::debug::Debug ,6,6,0,0,0,21,2,0,5,401,170,19.0952,204,141,9.71429,197,170,9.38095,239.143,45.7075,9.9193,0.203845,0.0144459,0.23388,0.00207367,21,1,15,6,3,0,32,0,33,3,7,0,0,16,3,18,11,0,0,0,0,0, 
159,org::eclipse::osgi::framework::internal::core::PackageAdminImpl ,40,38,6,4,0,71,12,2,6,1323,371,18.6338,1984,747,27.9437,-661,28,-9.30986,218.714,54.4563,27.5814,0.811584,0.080838,0.7565850000000001,0.170416,39,1,6,37,300,0,1,1,535,25,17,0,10,0,10,268,187,7,0,0,0,0, 
160,org::eclipse::osgi::internal::baseadaptor::BaseHookConfigurator ,2,2,1,1,0,5,0,0,1,60,28,12.0,2,1,0.4,58,28,11.6,125.0,0.22619,2.7276,0.0252222,0.00450414,0.0664612,0.0007165769999999999,4,1,0,4,0,0,0,0,7,1,8,0,0,0,1,7,1,0,0,0,0,0, 
161,org::eclipse::osgi::baseadaptor::bundlefile::ZipBundleFile ,6,6,3,2,0,13,0,0,1,646,285,49.6923,22,7,1.69231,624,285,48.0,125.857,6.21384,10.7773,0.280545,0.0357949,0.308028,0.0781678,20,2,5,17,120,0,5,3,231,16,20,1,0,0,8,138,85,1,0,0,0,0, 
162,substitutes::y::By ,1,1,0,0,0,1,0,0,1,0,0,0.0,0,0,0.0,0,0,0.0,19.1429,0.0,0.0,0.0,0.0,0.0,0.0,0,1,0,0,0,0,0,0,0,0,7,0,0,0,0,0,0,0,0,0,0,0, 
163,substitutes::x::Lx ,1,1,0,0,0,1,0,0,1,0,0,0.0,0,0,0.0,0,0,0.0,19.1429,0.0,0.0,0.0,0.0,0.0,0.0,0,1,0,0,0,0,0,0,0,0,7,0,0,0,0,0,0,0,0,0,0,0, 
164,osgi::lazystart::b::excluded::a::BAExcluded ,1,1,0,0,0,1,0,0,1,0,0,0.0,0,0,0.0,0,0,0.0,85.1429,0.0,0.0,0.0,0.0,0.0,0.0,1,1,1,0,0,0,0,0,0,1,7,0,0,0,1,1,0,0,0,0,0,0, 
165,org::eclipse::osgi::framework::internal::core::BundleLoader ,45,43,2,2,1,105,29,1,7,2604,285,24.8,2537,387,24.1619,67,111,0.638095,239.143,68.7444,27.0966,1.23574,0.0715919,0.723326,0.136933,39,1,13,30,1035,1,34,0,862,46,11,23,16,3,6,350,264,4,0,0,0,0, 
166,org::eclipse::osgi::framework::internal::core::ExportedPackageImpl ,4,4,0,0,0,23,4,1,7,207,61,9.0,153,56,6.65217,54,36,2.34783,239.143,67.7108,8.59336,0.129787,0.0185703,0.218639,0.0292815,11,1,1,10,36,0,3,0,61,9,13,3,0,0,8,36,21,1,0,0,0,0, 
167,org::eclipse::osgi::framework::internal::protocol::URLStreamHandlerProxy ,4,4,1,0,0,16,1,0,6,139,71,8.6875,209,120,13.0625,-70,3,-4.375,239.143,49.0504,6.60072,0.167939,0.0205964,0.179821,0.05543150000000001,11,1,1,10,120,0,7,0,110,16,19,0,2,0,5,49,31,0,0,0,0,0, 
168,org::osgi::framework::InvalidSyntaxException ,3,3,0,0,0,16,1,0,4,313,110,19.5625,221,64,13.8125,92,46,5.75,239.143,71.078,8.29275,0.113254,0.0131479,0.198537,0.005354100000000001,1,1,1,0,6,0,3,0,14,4,18,2,0,0,4,5,4,2,0,0,0,0, 
169,org::eclipse::osgi::baseadaptor::loader::ClasspathManager ,9,8,2,0,0,18,2,0,1,1356,572,75.3333,140,52,7.77778,1216,572,67.5556,125.857,9.93753,10.4053,0.543131,0.0494132,0.327027,0.101643,26,1,7,19,496,0,11,0,393,32,7,11,14,0,18,196,117,1,0,0,0,0, 
170,org::eclipse::osgi::framework::internal::core::SystemBundleLoader ,3,3,0,0,0,14,2,0,6,155,89,11.0714,74,22,5.28571,81,75,5.78571,239.143,148.258,6.22347,0.244503,0.0135029,0.158543,0.0209589,13,2,2,12,66,0,5,11,112,12,41,4,1,0,5,58,39,1,0,0,0,0, 
171,org::eclipse::osgi::internal::baseadaptor::AdaptorUtil ,3,2,0,0,0,8,1,0,1,449,199,56.125,8,4,1.0,441,199,55.125,125.857,9.10945,7.01743,0.100508,0.027289,0.208953,0.0725072,26,1,9,17,45,0,2,0,169,10,7,0,0,0,10,72,37,2,0,0,0,0, 
172,org::eclipse::osgi::framework::util::SecureAction ,6,5,2,0,0,27,4,1,5,472,102,17.4815,143,44,5.2963,329,66,12.1852,224.0,70.8021,15.226,0.340267,0.0365523,0.394734,0.0631769,28,1,14,14,171,0,2,0,200,19,7,1,0,0,18,104,28,1,0,0,0,0, 
173,org::eclipse::osgi::framework::internal::protocol::reference::Handler ,0,0,0,0,0,7,1,0,5,45,27,6.42857,62,34,8.85714,-17,0,-2.42857,239.143,19.9016,3.36934,0.0233368,0.00504088,0.0799243,0.000804404,4,1,0,4,3,0,0,0,13,3,16,0,0,0,1,8,5,0,0,0,0,0, 
174,org::eclipse::osgi::baseadaptor::loader::FragmentClasspath ,2,2,0,0,0,5,0,0,1,147,72,29.4,2,2,0.4,145,72,29.0,125.857,0.705539,4.042759999999999,0.0321498,0.00680523,0.0989508,0.0012324,7,1,2,5,10,0,3,0,23,5,7,3,0,0,5,11,6,0,0,0,0,0, 
175,org::eclipse::osgi::framework::internal::core::AbstractBundle ,28,27,4,2,0,67,11,2,5,789,93,11.7761,905,230,13.5075,-116,89,-1.73134,218.714,63.453,30.3698,0.727254,0.11462,0.8857299999999999,0.267032,57,1,32,31,1953,2,7,9,712,63,30,0,2,0,27,295,142,10,0,0,0,0, 
176,org::eclipse::osgi::framework::internal::reliablefile::ReliableFileInputStream ,3,3,0,0,0,12,2,0,7,220,104,18.3333,104,78,8.66667,116,102,9.66667,239.143,31.0792,5.635359999999999,0.044671,0.00834157,0.133442,0.00113745,2,1,0,2,28,0,4,0,54,8,26,4,1,0,7,16,14,0,0,0,0,0, 
177,host::multiple::exports::onlyone::PublicClass1 ,1,1,0,0,0,1,0,0,1,0,0,0.0,0,0,0.0,0,0,0.0,40.8571,0.0,0.0,0.0,0.0,0.0,0.0,0,1,0,0,0,0,0,0,0,0,7,0,0,0,0,0,0,0,0,0,0,0, 
178,substitutes::z::Ez ,1,1,0,0,0,1,0,0,1,0,0,0.0,0,0,0.0,0,0,0.0,19.1429,0.0,0.0,0.0,0.0,0.0,0.0,0,1,0,0,0,0,0,0,0,0,7,0,0,0,0,0,0,0,0,0,0,0, 
179,substitutes::x::Jx ,1,1,0,0,0,1,0,0,1,0,0,0.0,0,0,0.0,0,0,0.0,19.1429,0.0,0.0,0.0,0.0,0.0,0.0,0,1,0,0,0,0,0,0,0,0,7,0,0,0,0,0,0,0,0,0,0,0, 
180,org::eclipse::osgi::internal::baseadaptor::BundleInstall ,1,1,0,0,0,4,0,0,1,265,132,66.25,3,3,0.75,262,132,65.5,125.857,0.5008090000000001,2.23731,0.0221957,0.00355164,0.0539991,0.000455407,17,1,1,17,6,0,3,0,89,4,10,3,0,0,4,59,18,0,0,0,0,0, 
181,nativetest::a2::Activator ,1,1,1,1,0,1,0,0,1,0,0,0.0,0,0,0.0,0,0,0.0,53.0,0.0,0.0,0.0,0.0,0.0,0.0,4,1,0,4,1,0,0,0,9,2,9,0,0,0,2,8,2,0,0,0,0,0, 
182,org::eclipse::osgi::framework::internal::core::BundleCombinedPermissions ,3,3,0,0,0,18,4,1,6,251,128,13.9444,265,149,14.7222,-14,26,-0.777778,239.143,49.6773,8.89851,0.144607,0.0232527,0.231539,0.05519540000000001,7,2,2,5,36,0,7,0,63,9,20,7,0,0,4,22,22,0,0,0,0,0, 
183,org::eclipse::osgi::tests::appadmin::FailedApp ,1,1,0,0,0,1,0,0,1,0,0,0.0,0,0,0.0,0,0,0.0,39.7143,0.0,0.0,0.0,0.0,0.0,0.0,1,1,0,1,1,0,0,0,6,2,7,0,0,0,2,3,2,0,0,0,0,0, 
184,client2::multiple::exports::Activator ,1,1,0,0,0,1,0,0,1,0,0,0.0,0,0,0.0,0,0,0.0,40.8571,0.0,0.0,0.0,0.0,0.0,0.0,2,1,0,2,1,0,0,0,26,2,9,0,0,0,2,18,2,0,0,0,0,0, 
185,org::eclipse::osgi::internal::provisional::service::security::AuthorizationStatus ,1,1,0,0,0,1,0,0,1,0,0,0.0,0,0,0.0,0,0,0.0,13.0,0.0,0.0,0.0,0.0,0.0,0.0,0,1,0,0,0,0,2,0,0,0,7,0,0,0,0,0,0,0,0,0,0,0, 
186,org::eclipse::core::runtime::adaptor::EclipseStarter ,78,71,11,2,4,169,35,1,7,2958,124,17.503,1610,128,9.52663,1348,104,7.97633,239.143,63.7094,38.2812,2.09375,0.149026,1.12823,0.328692,54,1,1,53,1128,0,67,0,1217,48,7,38,37,1,7,605,300,4,0,0,0,0, 
187,org::eclipse::osgi::service::resolver::VersionRange ,1,1,0,0,0,9,0,0,3,342,161,38.0,16,6,1.77778,326,161,36.2222,180.0,3.12239,6.916919999999999,0.029826,0.0373884,0.220354,0.118994,15,1,11,4,28,0,6,0,81,8,7,5,0,0,8,39,34,1,0,0,0,0, 
188,org::eclipse::osgi::internal::module::GroupingChecker ,9,9,1,1,0,26,3,0,3,1624,335,62.4615,881,340,33.8846,743,335,28.5769,180.0,39.1218,16.5442,1.32279,0.04371130000000001,0.440377,0.08501510000000001,7,1,2,6,28,0,2,0,130,8,7,1,2,1,5,71,44,0,0,0,0,0, 
189,org::eclipse::core::runtime::internal::adaptor::EclipseErrorHandler ,1,1,0,0,0,4,0,0,1,280,165,70.0,62,62,15.5,218,165,54.5,125.857,0.401531,2.23731,0.0302164,0.00355164,0.0539991,0.000455407,7,1,0,7,55,0,2,0,68,11,17,2,1,0,10,22,17,1,0,0,0,0, 
190,legacy::lazystart::TrueExceptionLegacy2 ,1,1,0,0,0,1,0,0,1,0,0,0.0,0,0,0.0,0,0,0.0,85.1429,0.0,0.0,0.0,0.0,0.0,0.0,1,1,0,1,0,0,0,0,3,1,8,0,0,0,1,2,1,0,0,0,0,0, 
191,org::eclipse::osgi::baseadaptor::bundlefile::ZipBundleEntry ,4,4,1,1,0,8,0,0,1,280,101,35.0,12,6,1.5,268,101,33.5,125.857,23.3423,7.8367,0.270869,0.04491369999999999,0.262245,0.134582,7,2,1,7,21,0,2,1,45,7,15,0,0,0,6,24,10,1,0,0,0,0, 
192,org::osgi::framework::BundleException ,3,3,0,0,0,18,2,0,4,344,101,19.1111,324,106,18.0,20,28,1.11111,239.143,59.1516,7.23232,0.095036,0.0100697,0.16858,0.00161281,20,1,20,0,6,1,2,0,13,4,18,1,0,0,4,5,4,2,0,0,0,0, 
193,org::eclipse::osgi::framework::internal::core::SystemPolicy ,1,1,0,0,0,2,0,0,2,3,3,1.5,3,3,1.5,0,0,0.0,163.0,144.857,1.28035,0.00229861,0.0135087,0.05689980000000001,0.0547689,4,1,1,3,15,0,5,0,48,6,10,2,0,0,5,18,11,1,0,0,0,0, 
194,org::eclipse::osgi::framework::util::Headers ,5,5,0,0,0,20,5,0,5,483,249,24.15,496,276,24.8,-13,23,-0.65,239.143,51.7232,8.96461,0.401919,0.0144483,0.216101,0.00449742,11,1,6,5,210,1,4,0,103,21,0,4,2,0,19,49,31,1,0,0,0,0, 
195,org::eclipse::osgi::framework::internal::core::PermissionAdminImpl ,14,14,0,0,0,26,4,2,3,224,63,8.61538,309,186,11.8846,-85,35,-3.26923,218.714,50.9311,12.9001,0.35029,0.0294786,0.327427,0.05625209999999999,23,1,4,20,91,0,6,0,318,14,12,1,0,0,5,120,69,0,0,0,0,0, 
196,org::eclipse::osgi::internal::baseadaptor::InvalidVersion ,1,1,0,0,0,5,0,0,1,91,43,18.2,4,3,0.8,87,43,17.4,125.857,3.32967,4.6384,0.0386101,0.0192271,0.139325,0.0558623,2,2,2,0,3,0,1,1,10,3,17,1,0,0,3,3,3,0,0,0,0,0, 
197,substitutes::y::My ,1,1,0,0,0,1,0,0,1,0,0,0.0,0,0,0.0,0,0,0.0,19.1429,0.0,0.0,0.0,0.0,0.0,0.0,0,1,0,0,0,0,0,0,0,0,7,0,0,0,0,0,0,0,0,0,0,0, 
198,org::eclipse::osgi::internal::resolver::ComputeNodeOrder ,3,3,0,0,0,7,3,0,3,11,4,1.57143,13,4,1.85714,-2,0,-0.285714,217.286,71.4545,5.37258,0.0266627,0.0090543,0.129977,0.00651095,2,1,1,1,1,0,0,0,47,2,7,0,1,0,1,18,8,0,0,0,0,0, 
199,org::eclipse::osgi::framework::util::KeyedHashSet ,2,2,0,0,0,5,0,0,1,982,489,196.4,3,2,0.6,979,489,195.8,125.857,0.532296,4.042759999999999,0.0985122,0.00680523,0.0989508,0.0012324,13,1,7,6,231,0,5,0,285,22,7,2,3,2,17,70,82,0,0,0,0,0, 
200,chain::test::b::Activator ,1,1,0,0,0,1,0,0,1,0,0,0.0,0,0,0.0,0,0,0.0,85.1429,0.0,0.0,0.0,0.0,0.0,0.0,2,1,0,2,1,0,0,0,6,2,9,0,0,0,2,8,2,0,0,0,0,0, 
201,org::eclipse::osgi::internal::resolver::UserState ,3,3,0,0,0,10,3,0,4,110,37,11.0,91,25,9.1,19,27,1.9,237.714,36.3065,4.60695,0.119214,0.00788788,0.112732,0.00257616,5,2,1,4,6,0,1,2,33,4,97,1,0,0,4,22,11,1,0,0,0,0, 
202,org::eclipse::osgi::internal::signedcontent::SignedBundleHook ,4,4,0,0,0,4,0,0,1,5,2,1.25,5,2,1.25,0,0,0.0,27.2857,11.0857,2.6703,0.0268895,0.034787,0.13087,0.129104,27,1,5,26,105,0,26,0,203,15,19,21,0,0,13,99,56,2,0,0,0,0, 
203,org::eclipse::core::runtime::internal::adaptor::PluginConverterImpl ,11,10,1,0,0,16,0,0,3,80,27,5.0,60,15,3.75,20,12,1.25,162.143,36.6125,11.7006,0.184042,0.0294548,0.305974,0.0568029,26,1,2,24,666,0,38,0,610,37,9,23,30,1,6,397,165,0,0,0,0,0, 
204,org::eclipse::osgi::internal::resolver::HostSpecificationImpl ,3,3,0,0,0,11,0,0,6,88,26,8.0,39,13,3.54545,49,13,4.45455,239.143,58.4562,5.41761,0.0200353,0.00949089,0.131371,0.0102415,10,3,5,5,36,0,2,0,33,9,45,2,0,0,7,18,18,1,0,0,0,0, 
205,org::osgi::framework::BundlePermission ,4,4,0,0,0,18,4,0,4,849,551,47.1667,871,570,48.3889,-22,44,-1.22222,239.143,64.3996,9.006,0.6801159999999999,0.0139718,0.214537,0.00536056,7,1,1,7,45,0,13,0,90,10,33,9,3,0,5,33,26,1,0,0,0,0, 
206,org::eclipse::osgi::internal::signedcontent::LegacyVerifierFactory ,1,1,0,0,0,1,0,0,1,0,0,0.0,0,0,0.0,0,0,0.0,27.2857,0.0,0.0,0.0,0.0,0.0,0.0,4,1,1,3,1,0,1,0,10,2,8,1,0,0,2,6,2,1,0,0,0,0, 
207,org::eclipse::osgi::framework::internal::core::GlobalPolicy ,3,3,0,0,0,4,0,0,2,46,29,11.5,37,26,9.25,9,20,2.25,163.0,58.2391,4.27148,0.132549,0.00837626,0.108468,0.00348376,5,1,1,4,6,0,1,0,38,4,10,1,0,0,4,17,9,1,0,0,0,0, 
208,org::eclipse::osgi::framework::internal::core::BundleContextImpl ,11,8,2,1,0,35,8,1,6,504,74,14.4,394,77,11.2571,110,37,3.14286,218.714,65.8846,15.07,0.308881,0.05476180000000001,0.42891,0.126098,35,1,8,29,595,0,12,0,654,35,26,3,1,2,20,220,149,4,0,0,0,0, 
209,legacy::lazystart::b::Activator ,1,1,0,0,0,1,0,0,1,0,0,0.0,0,0,0.0,0,0,0.0,85.1429,0.0,0.0,0.0,0.0,0.0,0.0,2,1,0,2,1,0,0,0,6,2,9,0,0,0,2,8,2,0,0,0,0,0, 
210,org::eclipse::osgi::framework::debug::FrameworkDebugOptions ,2,1,0,0,0,5,0,1,2,8,4,1.6,3,3,0.6,5,3,1.0,162.143,18.125,2.90044,0.00629642,0.00408857,0.0679942,0.000332869,14,1,7,7,45,0,4,0,108,10,11,4,5,0,5,63,29,0,0,0,0,0, 
211,org::eclipse::osgi::internal::module::ResolverConstraint ,5,5,0,0,0,8,0,0,1,101,86,12.625,15,10,1.875,86,76,10.75,155.0,90.215,5.80382,0.0817917,0.0346087,0.203948,0.11455,11,1,5,8,190,3,4,0,97,20,7,2,0,0,4,37,36,0,0,0,0,0, 
212,org::eclipse::osgi::internal::module::MappedList ,0,0,0,0,0,1,0,0,1,0,0,0.0,0,0,0.0,0,0,0.0,155.0,0.0,0.0,0.0,0.0,0.0,0.0,3,1,2,1,21,1,1,0,44,7,7,0,1,0,5,26,13,1,0,0,0,0, 
213,org::eclipse::osgi::framework::internal::protocol::URLStreamHandlerSetter ,0,0,0,0,0,6,0,0,5,17,9,2.83333,35,28,5.83333,-18,1,-3.0,239.143,33.7731,3.36934,0.0233368,0.00504088,0.0799243,0.000804404,1,1,1,0,1,0,1,0,6,2,8,0,0,0,2,3,2,0,0,0,0,0, 
214,org::eclipse::osgi::framework::internal::core::SingleSourcePackage ,3,3,0,0,0,14,1,0,6,91,24,6.5,56,10,4.0,35,14,2.5,239.143,59.6986,6.16292,0.0324196,0.0138021,0.158311,0.0219184,5,2,4,3,21,1,1,1,28,7,22,0,0,1,7,14,10,1,0,0,0,0, 
215,org::osgi::framework::FrameworkUtil ,4,4,0,0,0,11,0,0,2,134,84,12.1818,109,83,9.909089999999999,25,79,2.27273,153.714,14.8571,5.15419,0.114107,0.0105398,0.1318,0.00655156,8,1,8,0,1,0,0,0,4,2,7,0,1,0,1,3,2,2,0,0,0,0, 
216,org::eclipse::osgi::framework::internal::core::ManifestLocalization ,7,7,2,1,1,25,8,1,6,230,69,9.2,207,60,8.28,23,21,0.92,227.286,34.2242,6.72772,0.124285,0.0391495,0.226623,0.0687957,12,1,1,12,28,0,4,0,134,8,7,4,5,0,1,63,40,2,0,0,0,0, 
217,org::eclipse::core::runtime::internal::adaptor::EclipseAdaptorHook ,5,5,0,0,0,11,0,1,2,454,210,41.2727,38,14,3.45455,416,210,37.8182,125.857,8.03398,6.31789,0.227813,0.0406183,0.219534,0.124534,19,1,0,19,78,0,8,0,124,13,17,6,3,0,10,85,30,3,0,0,0,0, 
218,org::eclipse::osgi::framework::internal::core::Constants ,18,18,2,1,0,39,1,0,6,457,75,11.7179,238,66,6.10256,219,75,5.61538,239.143,52.698,16.069,0.131181,0.0416158,0.419616,0.0889745,8,1,8,0,1,0,63,74,6,2,7,1,0,2,1,2,2,2,0,0,0,0, 
219,org::osgi::service::condpermadmin::BundleLocationCondition ,3,3,0,0,0,12,2,0,2,234,80,19.5,160,58,13.3333,74,60,6.16667,178.714,29.7265,6.88373,0.159463,0.00971829,0.160984,0.00161592,6,1,0,6,3,0,1,0,59,3,7,1,2,0,1,20,10,1,0,0,0,0, 
220,org::eclipse::osgi::internal::service::security::DefaultAuthorizationEngine ,6,6,0,0,0,6,0,0,1,111,78,18.5,30,19,5.0,81,59,13.5,27.2857,11.7194,4.27896,0.189308,0.0628312,0.22498,0.215324,17,2,3,15,21,0,18,0,77,7,11,14,1,0,5,36,26,0,0,0,0,0, 
221,org::eclipse::osgi::internal::signedcontent::SignedStorageHook ,1,1,0,0,0,1,0,0,1,0,0,0.0,0,0,0.0,0,0,0.0,27.2857,0.0,0.0,0.0,0.0,0.0,0.0,23,2,3,20,190,0,10,0,209,20,21,7,4,1,16,108,54,1,0,0,0,0, 
222,org::eclipse::osgi::framework::internal::core::FrameworkConsole ,16,13,1,1,0,32,4,0,7,383,130,11.9687,394,93,12.3125,-11,37,-0.34375,239.143,134.957,17.6953,1.0227,0.0736928,0.532231,0.199519,21,1,2,21,120,0,16,0,208,16,15,0,5,2,8,82,40,3,0,0,0,0, 
223,org::eclipse::osgi::framework::internal::protocol::ContentHandlerProxy ,4,4,1,0,0,15,0,0,6,124,60,8.26667,158,86,10.5333,-34,3,-2.26667,239.143,53.3629,6.60072,0.163109,0.0205964,0.179821,0.05543150000000001,10,1,1,9,21,0,6,0,79,7,11,0,2,0,5,31,22,0,0,0,0,0, 
224,org::eclipse::osgi::internal::resolver::ResolverErrorImpl ,6,5,0,0,0,7,1,0,1,28,10,4.0,4,3,0.571429,24,10,3.42857,145.286,41.6582,6.22082,0.0783869,0.0179558,0.171417,0.038027,1,1,1,0,15,0,4,19,52,6,11,4,0,0,6,25,15,1,0,0,0,0, 
225,substitutes::y::Ky ,1,1,0,0,0,1,0,0,1,0,0,0.0,0,0,0.0,0,0,0.0,19.1429,0.0,0.0,0.0,0.0,0.0,0.0,0,1,0,0,0,0,0,0,0,0,7,0,0,0,0,0,0,0,0,0,0,0, 
226,org::osgi::framework::AdminPermission ,7,7,1,0,0,31,5,0,4,2965,768,95.6452,2272,442,73.2903,693,619,22.3548,239.143,75.5909,13.805,0.995158,0.0321697,0.354113,0.0592982,11,1,1,11,66,0,30,0,246,12,33,19,5,0,5,78,59,4,0,0,0,0, 
227,org::eclipse::osgi::internal::signedcontent::SignerInfoImpl ,1,1,0,0,0,1,0,0,1,0,0,0.0,0,0,0.0,0,0,0.0,27.2857,0.0,0.0,0.0,0.0,0.0,0.0,7,1,4,3,28,0,3,0,45,8,11,3,0,0,7,16,16,0,0,0,0,0, 
228,org::eclipse::core::launcher::Main ,1,1,0,0,0,3,0,0,1,12,8,4.0,5,3,1.66667,7,6,2.33333,81.0,19.2381,1.69869,0.06019069999999999,0.00529719,0.0489429,0.00777886,1,1,0,1,0,0,0,0,3,1,7,0,0,0,1,2,1,0,0,0,0,0, 
229,org::eclipse::osgi::baseadaptor::BaseData ,7,7,1,0,0,15,2,0,1,1033,442,68.8667,73,28,4.86667,960,442,64.0,125.857,3.26151,8.65833,0.221717,0.0179208,0.222256,0.0117623,38,1,25,16,1225,1,20,5,248,50,33,16,3,0,47,114,86,3,0,0,0,0, 
230,osgi::lazystart::b::Activator ,1,1,0,0,0,1,0,0,1,0,0,0.0,0,0,0.0,0,0,0.0,85.1429,0.0,0.0,0.0,0.0,0.0,0.0,2,1,0,2,1,0,0,0,6,2,9,0,0,0,2,8,2,0,0,0,0,0, 
231,org::eclipse::osgi::framework::adaptor::BundleProtectionDomain ,0,0,0,0,0,8,1,0,2,57,37,7.125,57,42,7.125,0,33,0.0,179.0,2.4787,6.55322,0.036488,0.00770707,0.147474,0.000155169,0,1,0,0,0,1,0,0,3,1,11,0,0,0,1,1,1,0,0,0,0,0, 
232,org::eclipse::osgi::framework::adaptor::FilePath ,1,1,0,0,0,3,0,0,2,4,2,1.33333,4,2,1.33333,0,0,0.0,159.0,76.4286,2.75305,0.009151600000000001,0.0155124,0.0911691,0.0548736,7,1,4,3,55,0,12,0,141,11,7,12,4,0,7,66,52,0,0,0,0,0, 
233,org::eclipse::osgi::internal::baseadaptor::DevClassPathHelper ,1,1,0,0,0,3,0,0,1,234,117,78.0,0,0,0.0,234,117,78.0,125.857,0.5,1.5526,0.0184215,0.0024648,0.0374733,0.00031645,8,1,4,4,6,0,3,0,25,4,7,3,1,0,3,10,5,0,0,0,0,0, 
234,osgi::lazystart::LazyExclude2 ,1,1,0,0,0,1,0,0,1,0,0,0.0,0,0,0.0,0,0,0.0,85.1429,0.0,0.0,0.0,0.0,0.0,0.0,1,1,0,1,0,0,0,0,3,1,8,0,0,0,1,2,1,0,0,0,0,0, 
235,org::eclipse::osgi::baseadaptor::BaseAdaptor ,4,4,2,1,0,15,1,0,1,1146,550,76.4,127,51,8.46667,1019,550,67.9333,125.857,0.8586389999999999,5.08544,0.137283,0.00968362,0.127419,0.00680595,34,1,19,18,528,0,14,1,252,33,32,14,0,0,32,114,60,2,0,0,0,0, 
236,org::eclipse::osgi::internal::resolver::ImportPackageSpecificationImpl ,6,6,0,0,0,20,0,0,3,394,146,19.7,85,27,4.25,309,146,15.45,180.0,10.7237,12.9885,0.17406,0.03606330000000001,0.344082,0.0845679,17,3,3,14,78,0,4,3,128,13,48,4,0,0,10,71,58,1,0,0,0,0, 
237,org::eclipse::osgi::framework::internal::core::FilteredSourcePackage ,3,3,0,0,0,9,0,0,3,212,86,23.5556,28,10,3.11111,184,86,20.4444,180.0,6.769539999999999,6.16292,0.03737940000000001,0.0138021,0.158311,0.0219184,4,3,1,3,45,0,4,2,66,10,29,1,5,3,5,36,30,1,0,0,0,0, 
238,org::eclipse::osgi::internal::resolver::NativeCodeSpecificationImpl ,4,4,1,0,0,4,0,0,1,41,15,10.25,29,14,7.25,12,8,3.0,42.0,10.446,3.68818,0.1925,0.0244717,0.135548,0.08830419999999999,15,3,3,12,21,0,4,0,117,7,45,4,0,0,5,42,49,1,0,0,0,0, 
239,org::osgi::framework::BundleEvent ,4,4,0,0,0,18,2,0,4,526,140,29.2222,449,144,24.9444,77,33,4.27778,239.143,77.5598,8.82648,0.214961,0.0151456,0.215315,0.00731411,27,1,27,0,3,0,13,0,11,3,15,2,0,0,3,3,3,1,0,0,0,0, 
240,org::eclipse::osgi::internal::baseadaptor::BundleUninstall ,1,1,0,0,0,3,0,0,1,136,68,45.3333,0,0,0.0,136,68,45.3333,125.857,0.5,1.5526,0.0107065,0.0024648,0.0374733,0.00031645,4,1,1,4,6,0,2,0,21,4,10,2,0,0,4,10,4,0,0,0,0,0, 
241,org::eclipse::osgi::internal::resolver::NativeCodeDescriptionImpl ,1,1,0,0,0,1,0,0,1,0,0,0.0,0,0,0.0,0,0,0.0,42.0,0.0,0.0,0.0,0.0,0.0,0.0,14,2,5,9,190,0,9,0,142,20,25,9,1,0,11,57,40,2,0,0,0,0, 
242,org::eclipse::osgi::internal::baseadaptor::BaseStorage ,18,16,2,2,0,31,1,0,1,2656,1111,85.6774,126,33,4.06452,2530,1111,81.6129,125.857,9.31847,20.3646,0.844937,0.08702710000000001,0.6253310000000001,0.222811,67,3,9,66,2016,0,38,0,1041,64,15,29,23,0,27,566,286,3,0,0,0,0, 
243,org::eclipse::osgi::framework::internal::protocol::bundleresource::Handler ,3,3,1,0,0,13,1,1,4,78,16,6.0,56,10,4.30769,22,10,1.69231,231.429,65.7912,6.22636,0.0292961,0.0105656,0.151156,0.00678987,6,2,1,5,1,0,0,3,22,2,30,0,0,0,1,15,8,0,0,0,0,0, 
244,org::osgi::framework::Version ,3,3,0,0,0,11,0,0,2,775,360,70.4545,60,23,5.45455,715,360,65.0,180.0,3.36479,6.87477,0.0971116,0.0113859,0.16624,0.00529384,29,1,26,3,55,1,6,0,130,11,7,5,1,0,10,40,32,1,0,0,0,0, 
245,xfriends::test2::Activator ,1,1,0,0,0,1,0,0,1,0,0,0.0,0,0,0.0,0,0,0.0,40.8571,0.0,0.0,0.0,0.0,0.0,0.0,2,1,0,2,1,0,0,0,15,2,9,0,0,0,2,10,2,0,0,0,0,0, 
246,org::eclipse::osgi::storagemanager::ManagedOutputStream ,2,2,0,0,0,6,1,0,1,7,3,1.16667,2,1,0.333333,5,2,0.833333,127.857,34.7551,3.24068,0.00937033,0.0219768,0.113162,0.0645705,3,1,3,1,55,0,7,1,37,11,27,5,0,0,3,14,11,1,1,0,0,0, 
247,org::eclipse::osgi::baseadaptor::loader::ClasspathEntry ,2,2,0,0,0,5,0,0,1,163,80,32.6,2,2,0.4,161,80,32.2,125.857,0.6853640000000001,4.042759999999999,0.0334094,0.00680523,0.0989508,0.0012324,7,1,6,1,10,0,3,0,24,5,7,3,0,0,5,8,7,0,0,0,0,0, 
248,org::eclipse::osgi::framework::internal::core::Util ,1,1,0,0,0,7,1,0,5,200,190,28.5714,210,200,30.0,-10,0,-1.42857,239.143,7.530710000000001,3.36934,0.0233368,0.00504088,0.0799243,0.000804404,5,1,2,3,10,0,0,0,99,5,7,0,0,0,5,31,29,0,0,0,0,0, 
249,osgi::lazystart::LazyInclude2 ,1,1,0,0,0,1,0,0,1,0,0,0.0,0,0,0.0,0,0,0.0,85.1429,0.0,0.0,0.0,0.0,0.0,0.0,1,1,0,1,0,0,0,0,3,1,8,0,0,0,1,2,1,0,0,0,0,0, 
250,chain::test::a::AChain ,1,1,0,0,0,1,0,0,1,0,0,0.0,0,0,0.0,0,0,0.0,85.1429,0.0,0.0,0.0,0.0,0.0,0.0,1,2,1,0,0,0,0,0,0,1,7,0,0,0,1,1,0,0,0,0,0,0, 
251,org::eclipse::osgi::internal::resolver::ReadOnlyState ,13,12,1,1,0,24,2,0,5,210,45,8.75,101,41,4.20833,109,27,4.54167,230.143,68.6218,16.3188,0.123923,0.0443781,0.435704,0.0966744,2,1,0,2,703,0,1,0,114,38,44,1,0,0,38,74,38,1,0,0,0,0, 
252,substitutes::y::Iy ,1,1,0,0,0,1,0,0,1,0,0,0.0,0,0,0.0,0,0,0.0,19.1429,0.0,0.0,0.0,0.0,0.0,0.0,0,1,0,0,0,0,0,0,0,0,7,0,0,0,0,0,0,0,0,0,0,0, 
253,client1::multiple::exports::Activator ,1,1,0,0,0,1,0,0,1,0,0,0.0,0,0,0.0,0,0,0.0,40.8571,0.0,0.0,0.0,0.0,0.0,0.0,2,1,0,2,1,0,0,0,26,2,9,0,0,0,2,18,2,0,0,0,0,0, 
254,org::eclipse::osgi::internal::module::ResolverImport ,3,3,0,0,0,9,1,0,3,383,177,42.5556,161,70,17.8889,222,177,24.6667,180.0,1.96792,6.42741,0.120058,0.00924943,0.150411,0.00321324,5,2,2,3,10,0,1,2,17,5,27,1,0,0,1,10,6,0,0,0,0,0, 
255,org::eclipse::osgi::framework::internal::protocol::NullURLStreamHandlerService ,0,0,0,0,0,7,1,0,5,24,16,3.42857,85,43,12.1429,-61,0,-8.71429,239.143,25.3869,3.36934,0.0233368,0.00504088,0.0799243,0.000804404,1,1,1,0,55,0,0,0,30,11,16,0,0,0,11,21,10,0,0,0,0,0, 
256,org::eclipse::osgi::framework::internal::core::FilteredServiceListener ,2,1,1,1,0,13,3,1,7,156,52,12.0,116,60,8.92308,40,23,3.07692,239.143,77.5147,4.65896,0.159571,0.0184419,0.136297,0.0560989,11,2,0,11,3,0,5,0,54,3,15,5,0,0,2,27,19,1,0,0,0,0, 
257,org::eclipse::core::runtime::adaptor::EclipseLog ,18,13,0,0,0,38,7,0,6,795,296,20.9211,173,39,4.552630000000001,622,257,16.3684,229.0,53.9493,14.3621,0.5408029999999999,0.0437173,0.390746,0.104634,24,1,2,22,406,0,25,1,424,29,13,3,5,3,7,205,91,0,0,0,0,0, 
258,org::eclipse::osgi::internal::baseadaptor::StateManager ,4,4,0,0,0,9,0,0,1,671,341,74.5556,43,37,4.77778,628,341,69.7778,125.857,2.92463,5.641690000000001,0.0966717,0.0156634,0.1548,0.0276204,12,1,4,8,190,1,18,0,114,20,22,11,4,7,16,66,36,1,0,0,0,0, 
259,org::eclipse::osgi::baseadaptor::HookRegistry ,4,3,0,0,0,12,0,0,1,662,282,55.1667,56,22,4.66667,606,282,50.5,125.857,4.61135,5.67634,0.12793,0.0214375,0.167018,0.057939,28,1,18,10,253,0,16,0,144,23,7,11,4,0,19,77,38,0,0,0,0,0, 
260,org::eclipse::osgi::service::security::TrustEngine ,3,3,0,0,0,3,0,0,1,5,3,1.66667,1,1,0.333333,4,3,1.33333,27.2857,14.2,2.28372,0.00948452,0.0319338,0.116063,0.118884,7,1,6,1,36,1,0,0,16,9,7,0,0,0,7,16,5,0,0,0,0,0, 
261,org::eclipse::osgi::framework::internal::core::BundleLoaderProxy ,16,16,1,1,0,47,4,1,7,688,157,14.6383,575,161,12.234,113,46,2.40426,239.143,56.9778,17.541,0.243089,0.0484294,0.472579,0.100283,25,1,11,17,153,0,5,0,159,18,12,5,0,0,7,73,52,1,0,0,0,0, 
262,org::eclipse::osgi::util::ManifestElement ,5,5,1,0,0,32,6,1,7,877,162,27.4062,813,331,25.4063,64,102,2.0,237.143,40.9471,9.68165,0.311328,0.0129467,0.224078,0.0009185230000000001,26,1,19,7,153,0,4,0,257,18,7,0,4,0,11,128,72,0,0,0,0,0, 
263,org::eclipse::osgi::framework::internal::core::RegisteredPolicy ,3,3,0,0,0,4,0,0,2,33,21,8.25,29,19,7.25,4,13,1.0,163.0,57.4805,4.27148,0.104025,0.00837626,0.108468,0.00348376,6,2,1,5,6,0,0,3,86,4,14,0,0,0,4,36,24,1,0,0,0,0, 
264,org::eclipse::osgi::framework::eventmgr::ListenerQueue ,1,1,0,0,0,10,0,0,4,55,27,5.5,51,27,5.1,4,2,0.4,218.857,29.1065,6.81721,0.0312508,0.0212244,0.186142,0.05564590000000001,9,1,4,5,6,0,3,0,47,4,7,2,0,0,4,17,10,1,0,0,0,0, 
265,org::eclipse::core::runtime::internal::adaptor::EclipseStorageHook ,5,5,0,0,0,9,0,0,1,980,406,108.889,88,61,9.77778,892,406,99.1111,125.857,7.39883,7.234560000000001,0.301141,0.0253898,0.208509,0.06092080000000001,29,2,2,28,741,0,19,0,367,39,22,17,9,0,29,217,102,3,0,0,0,0, 
266,org::osgi::service::url::AbstractURLStreamHandlerService ,1,1,0,0,0,9,0,0,4,345,149,38.3333,361,152,40.1111,-16,8,-1.77778,239.143,63.3379,4.35837,0.0823365,0.00641311,0.102749,0.00147895,2,1,0,2,45,0,1,0,28,10,25,0,0,0,9,19,9,1,0,0,0,0, 
267,org::eclipse::osgi::framework::internal::core::OSGi ,0,0,0,0,0,12,1,0,6,116,86,9.66667,127,95,10.5833,-11,0,-0.916667,239.143,24.7007,6.12239,0.0462415,0.0205532,0.171093,0.055678,7,1,4,3,28,0,1,0,31,8,7,0,0,0,6,18,8,1,0,0,0,0, 
268,test1::Activator ,1,1,0,0,0,1,0,0,1,0,0,0.0,0,0,0.0,0,0,0.0,85.1429,0.0,0.0,0.0,0.0,0.0,0.0,2,1,0,2,1,0,0,0,6,2,9,0,0,0,2,8,2,0,0,0,0,0, 
269,nativetest::a1::Activator ,1,1,1,1,0,1,0,0,1,0,0,0.0,0,0,0.0,0,0,0.0,53.0,0.0,0.0,0.0,0.0,0.0,0.0,4,1,0,4,1,0,0,0,9,2,9,0,0,0,2,8,2,0,0,0,0,0, 
270,org::eclipse::osgi::internal::signedcontent::SignedContentFile ,1,1,0,0,0,1,0,0,1,0,0,0.0,0,0,0.0,0,0,0.0,11.0,0.0,0.0,0.0,0.0,0.0,0.0,4,1,1,4,36,0,2,0,56,9,14,2,0,0,8,27,15,0,0,0,0,0, 
271,org::eclipse::equinox::launcher::JNIBridge ,4,4,0,0,0,8,1,0,1,51,22,6.375,22,7,2.75,29,22,3.625,81.1429,15.549,4.53581,0.157968,0.0152032,0.133315,0.0264943,4,1,2,2,105,0,2,0,94,15,7,2,8,0,7,41,19,0,0,0,0,0, 
272,org::eclipse::core::runtime::internal::adaptor::MessageHelper ,0,0,0,0,0,1,0,1,1,0,0,0.0,0,0,0.0,0,0,0.0,82.7143,0.0,0.0,0.0,0.0,0.0,0.0,9,1,3,6,3,0,0,0,28,3,7,0,1,0,2,26,8,0,0,0,0,0, 
273,substitutes::x::Bx ,1,1,0,0,0,1,0,0,1,0,0,0.0,0,0,0.0,0,0,0.0,19.1429,0.0,0.0,0.0,0.0,0.0,0.0,0,1,0,0,0,0,0,0,0,0,7,0,0,0,0,0,0,0,0,0,0,0, 
274,org::eclipse::osgi::framework::internal::core::ConditionalPermissions ,8,8,0,0,0,14,3,1,2,157,61,11.2143,89,28,6.35714,68,33,4.85714,178.857,14.7607,9.10093,0.0808095,0.0114799,0.208031,0.000415436,9,1,2,7,36,0,6,0,148,9,19,6,2,0,4,60,42,0,0,0,0,0, 
275,legacy::lazystart::c::excluded::b::CBExcluded ,1,1,0,0,0,1,0,0,1,0,0,0.0,0,0,0.0,0,0,0.0,85.1429,0.0,0.0,0.0,0.0,0.0,0.0,1,1,1,0,0,0,0,0,0,1,7,0,0,0,1,1,0,0,0,0,0,0, 
276,org::eclipse::osgi::internal::module::GenericConstraint ,2,2,0,0,0,2,0,0,1,2,2,1.0,2,2,1.0,0,0,0.0,118.714,75.4286,1.03146,0.0029311,0.00484775,0.0337279,0.0135787,5,2,2,4,15,0,1,2,25,6,27,1,0,0,2,16,12,0,0,0,0,0, 
277,org::eclipse::osgi::framework::internal::core::NullPackageSource ,1,1,0,0,0,15,1,0,6,85,20,5.66667,41,9,2.73333,44,12,2.93333,239.143,56.2202,7.55094,0.0319402,0.0225399,0.204387,0.05591169999999999,2,2,1,1,28,0,1,1,31,8,22,0,1,1,7,12,10,1,0,0,0,0, 
278,org::eclipse::osgi::internal::resolver::StateImpl ,46,44,8,4,1,78,16,0,6,1442,252,18.4872,663,124,8.5,779,128,9.98718,239.143,93.6404,30.7015,1.00321,0.0822609,0.824092,0.156827,38,1,11,32,2016,2,24,0,705,64,44,22,11,1,39,385,211,8,0,0,0,0, 
279,org::eclipse::osgi::internal::service::security::KeyStoreTrustEngine ,4,4,1,0,0,5,0,0,1,53,28,10.6,18,7,3.6,35,21,7.0,27.2857,17.9946,2.95723,0.38182,0.051926,0.178434,0.15454,11,2,3,9,120,0,5,0,177,16,16,5,8,0,6,101,42,0,0,0,0,0, 
280,org::osgi::service::condpermadmin::BundleSignerCondition ,3,3,0,0,0,11,0,0,2,111,28,10.0909,151,55,13.7273,-40,7,-3.63636,173.857,26.7143,7.35911,0.141696,0.0103033,0.171798,0.00162962,4,1,0,4,1,0,1,0,13,2,7,1,1,0,1,9,5,1,0,0,0,0, 
281,chain::test::a::Activator ,1,1,0,0,0,1,0,0,1,0,0,0.0,0,0,0.0,0,0,0.0,85.1429,0.0,0.0,0.0,0.0,0.0,0.0,2,1,0,2,1,0,0,0,6,2,9,0,0,0,2,8,2,0,0,0,0,0, 
282,org::eclipse::osgi::framework::internal::core::BundleFragment ,7,7,2,1,0,36,10,1,6,350,78,9.72222,511,141,14.1944,-161,51,-4.47222,239.143,38.1771,9.22487,0.05769009999999999,0.026098,0.246306,0.06263400000000001,12,2,2,11,136,0,1,16,186,17,91,0,0,0,5,60,49,4,0,0,0,0, 
283,org::eclipse::osgi::framework::internal::core::BundleURLConnection ,2,2,0,0,0,5,0,0,1,14,6,2.8,12,5,2.4,2,1,0.4,162.143,36.2653,4.83075,0.0157717,0.00772207,0.116694,0.00119813,5,1,2,3,45,0,3,2,71,10,13,0,0,0,10,23,18,0,0,0,0,0, 
284,org::eclipse::osgi::framework::internal::protocol::StreamHandlerFactory ,9,7,3,1,0,24,4,0,6,269,92,11.2083,245,115,10.2083,24,19,1.0,239.143,64.3563,14.9282,0.225884,0.0229742,0.356326,0.00496911,19,2,2,18,21,0,8,3,122,7,24,4,1,0,5,52,29,1,0,0,0,0, 
285,org::eclipse::osgi::framework::internal::protocol::MultiplexingContentHandler ,1,0,0,0,0,2,0,0,1,1,1,0.5,1,1,0.5,0,0,0.0,124.286,7.57143,1.27192,0.00403564,0.00217381,0.0312557,0.000404701,3,1,1,3,1,0,2,0,11,2,8,2,0,0,2,5,3,0,0,0,0,0, 
286,org::eclipse::osgi::framework::internal::core::ParentPolicy ,1,1,0,0,0,1,0,0,1,0,0,0.0,0,0,0.0,0,0,0.0,163.0,0.0,0.0,0.0,0.0,0.0,0.0,0,1,0,0,3,0,0,0,12,3,10,0,0,0,3,3,3,1,0,0,0,0, 
287,org::eclipse::osgi::framework::internal::core::Tokenizer ,1,1,0,0,0,3,0,1,2,2,2,0.666667,2,2,0.666667,0,0,0.0,162.143,51.1429,1.80545,0.0204604,0.00325359,0.0449517,0.0007769910000000001,5,1,3,2,15,0,3,0,95,6,7,0,1,0,5,17,27,0,0,0,0,0, 
288,org::eclipse::osgi::framework::eventmgr::ListElement ,1,1,0,0,0,4,0,0,3,7,4,1.75,7,4,1.75,0,0,0.0,218.857,27.1837,1.56389,0.00383528,0.00178729,0.0349726,2.74126e-05,2,1,2,0,0,0,2,0,4,1,7,0,0,2,0,1,1,0,0,0,0,0, 
289,org::eclipse::osgi::framework::eventmgr::EventManager ,5,5,1,0,0,16,1,0,5,500,170,31.25,233,106,14.5625,267,170,16.6875,239.143,62.1743,9.77668,0.554407,0.0382825,0.286879,0.090257,7,1,5,3,6,0,4,0,39,4,7,1,0,0,2,10,9,2,0,0,0,0, 
290,legacy::lazystart::a::Activator ,1,1,0,0,0,1,0,0,1,0,0,0.0,0,0,0.0,0,0,0.0,85.1429,0.0,0.0,0.0,0.0,0.0,0.0,2,1,0,2,1,0,0,0,6,2,9,0,0,0,2,8,2,0,0,0,0,0, 
291,org::eclipse::osgi::internal::baseadaptor::AdaptorMsg ,2,2,0,0,0,7,0,0,1,136,59,19.4286,18,13,2.57143,118,59,16.8571,125.857,11.438,6.45874,0.0565293,0.0225648,0.184811,0.0568101,0,2,0,0,0,0,23,3,0,0,12,1,0,22,0,0,0,0,0,0,0,0, 
292,thread::locktest::Activator ,1,1,0,0,0,1,0,0,1,0,0,0.0,0,0,0.0,0,0,0.0,85.1429,0.0,0.0,0.0,0.0,0.0,0.0,5,1,0,5,3,0,0,0,21,3,17,0,0,0,3,18,4,0,0,0,0,0, 
293,legacy::lazystart::FalseExceptionLegacy1 ,1,1,0,0,0,1,0,0,1,0,0,0.0,0,0,0.0,0,0,0.0,85.1429,0.0,0.0,0.0,0.0,0.0,0.0,2,1,0,2,0,0,0,0,4,1,8,0,0,0,1,3,1,0,0,0,0,0, 
294,legacy::lazystart::c::excluded::a::CAExcluded ,1,1,0,0,0,1,0,0,1,0,0,0.0,0,0,0.0,0,0,0.0,85.1429,0.0,0.0,0.0,0.0,0.0,0.0,1,1,1,0,0,0,0,0,0,1,7,0,0,0,1,1,0,0,0,0,0,0, 
295,org::eclipse::osgi::framework::internal::protocol::bundleentry::Handler ,2,2,1,0,0,12,0,1,4,52,12,4.33333,50,15,4.16667,2,4,0.166667,231.429,59.2857,6.22636,0.0278593,0.0105656,0.151156,0.00678987,5,2,1,5,1,0,0,3,11,2,30,0,0,0,1,8,3,0,0,0,0,0, 
296,org::eclipse::core::runtime::internal::adaptor::CachedManifest ,6,6,1,1,0,8,0,0,1,89,33,11.125,41,17,5.125,48,30,6.0,162.143,79.3034,6.36008,0.0712038,0.0227025,0.183285,0.0577018,10,1,1,10,36,0,2,0,107,9,0,2,0,0,9,78,39,0,0,0,0,0, 
297,org::eclipse::osgi::signedcontent::InvalidContentException ,3,3,0,0,0,3,0,0,1,3,2,1.0,1,1,0.333333,2,1,0.666667,27.2857,12.1429,2.28372,0.00392771,0.0319338,0.116063,0.118884,2,1,2,0,3,0,2,0,10,3,19,2,0,0,3,4,3,0,0,0,0,0, 
298,org::eclipse::osgi::framework::internal::core::FilterImpl ,5,3,2,1,0,20,5,1,6,1193,577,59.65,1018,670,50.9,175,81,8.75,218.714,118.121,13.1284,0.826728,0.0339478,0.34585,0.0665159,18,1,4,14,406,0,15,0,1003,29,12,0,1,0,7,249,304,5,0,0,0,0, 
299,org::eclipse::osgi::internal::resolver::ExportPackageDescriptionImpl ,4,4,0,0,0,12,0,0,3,305,92,25.4167,77,31,6.41667,228,92,19.0,180.0,9.5452,8.36608,0.102978,0.0227564,0.219957,0.055373,10,2,7,3,91,0,12,0,90,14,22,11,0,0,10,43,35,1,0,0,0,0, 
300,host::multiple::exports::PublicClass1 ,1,1,0,0,0,1,0,0,1,0,0,0.0,0,0,0.0,0,0,0.0,40.8571,0.0,0.0,0.0,0.0,0.0,0.0,0,1,0,0,0,0,0,0,0,0,7,0,0,0,0,0,0,0,0,0,0,0, 
301,org::eclipse::osgi::internal::provisional::service::security::AuthorizationEngine ,1,1,0,0,0,1,0,0,1,0,0,0.0,0,0,0.0,0,0,0.0,13.0,0.0,0.0,0.0,0.0,0.0,0.0,7,1,3,4,10,1,3,0,20,5,7,3,1,0,3,16,6,1,0,0,0,0, 
302,org::eclipse::osgi::internal::signedcontent::DigestedInputStream ,1,1,0,0,0,1,0,0,1,0,0,0.0,0,0,0.0,0,0,0.0,27.2857,0.0,0.0,0.0,0.0,0.0,0.0,7,1,1,6,21,0,5,0,57,7,26,5,1,0,5,21,17,0,0,0,0,0, 
303,org::eclipse::osgi::internal::resolver::StateBuilder ,21,21,1,1,0,57,5,0,6,932,191,16.3509,314,30,5.508769999999999,618,183,10.8421,239.143,82.1517,19.6679,0.519229,0.0441851,0.49991,0.07990189999999998,29,1,1,29,276,0,13,0,516,24,7,9,22,0,0,337,168,2,0,0,0,0, 
304,org::eclipse::core::runtime::internal::stats::ClassStats ,1,1,0,0,0,2,0,0,1,2,2,1.0,2,2,1.0,0,0,0.0,162.143,51.1429,1.80545,0.0204604,0.00325359,0.0449517,0.0007769910000000001,3,1,2,2,190,0,11,0,64,20,7,11,0,0,20,24,20,0,0,0,0,0, 
305,host::multiple::exports::PrivateClass1 ,1,1,0,0,0,1,0,0,1,0,0,0.0,0,0,0.0,0,0,0.0,40.8571,0.0,0.0,0.0,0.0,0.0,0.0,0,1,0,0,0,0,0,0,0,0,7,0,0,0,0,0,0,0,0,0,0,0, 
306,org::eclipse::osgi::internal::resolver::BundleSpecificationImpl ,1,1,0,0,0,8,0,0,5,54,20,6.75,15,4,1.875,39,18,4.875,239.143,61.6508,5.0342,0.00963243,0.0180945,0.142066,0.0549145,9,3,4,5,21,0,2,0,25,7,45,2,0,0,5,16,12,1,0,0,0,0, 
307,org::eclipse::osgi::framework::internal::core::ConditionalPermissionAdminImpl ,6,6,0,0,0,14,2,1,2,203,45,14.5,74,16,5.28571,129,38,9.21429,178.857,20.4771,9.696,0.116132,0.0238797,0.248248,0.0550928,14,1,2,14,28,0,8,0,116,8,12,4,1,0,6,61,29,0,0,0,0,0, 
308,org::eclipse::osgi::framework::internal::core::ReferenceInputStream ,1,1,0,0,0,2,0,0,1,2,2,1.0,2,2,1.0,0,0,0.0,162.143,51.1429,1.80545,0.0204604,0.00325359,0.0449517,0.0007769910000000001,4,1,3,1,3,0,1,0,9,3,21,0,0,0,3,4,3,0,0,0,0,0, 
309,osgi::lazystart::a::Activator ,1,1,0,0,0,1,0,0,1,0,0,0.0,0,0,0.0,0,0,0.0,85.1429,0.0,0.0,0.0,0.0,0.0,0.0,2,1,0,2,1,0,0,0,6,2,9,0,0,0,2,8,2,0,0,0,0,0, 
310,org::eclipse::osgi::internal::signedcontent::DNChainMatching ,1,1,0,0,0,1,0,0,1,0,0,0.0,0,0,0.0,0,0,0.0,27.2857,0.0,0.0,0.0,0.0,0.0,0.0,6,1,2,4,28,0,0,0,262,8,7,0,7,0,1,101,66,0,0,0,0,0, 
311,org::eclipse::core::runtime::internal::adaptor::EclipseAdaptorMsg ,2,2,0,0,0,6,0,1,2,281,139,46.8333,4,3,0.666667,277,139,46.1667,125.857,0.6532789999999999,4.65956,0.05398819999999999,0.00845993,0.116139,0.00234209,0,2,0,0,0,0,76,3,0,0,12,1,0,74,0,0,0,0,0,0,0,0, 
312,org::eclipse::osgi::internal::baseadaptor::BaseClassLoadingHook ,3,2,1,0,0,7,1,0,1,221,91,31.5714,0,0,0.0,221,91,31.5714,125.714,4.799609999999999,5.27095,0.142542,0.0113961,0.136117,0.0114544,8,1,2,6,45,0,2,0,78,10,13,2,2,0,8,37,30,1,0,0,0,0, 
313,org::eclipse::osgi::baseadaptor::bundlefile::NestedDirBundleFile ,2,2,0,0,0,5,0,0,1,166,81,33.2,3,3,0.6,163,81,32.6,125.857,0.7685029999999999,4.042759999999999,0.043797,0.00680523,0.0989508,0.0012324,4,2,1,3,21,0,2,3,37,7,20,0,0,2,7,23,13,1,0,1,1,0, 
314,org::eclipse::osgi::framework::launcher::Launcher ,4,4,1,0,0,19,1,0,6,119,37,6.26316,177,83,9.31579,-58,3,-3.05263,239.143,47.1332,13.0076,0.0781821,0.0324477,0.339456,0.0615245,10,1,1,9,55,0,7,0,200,11,7,2,2,0,3,80,40,1,0,0,0,0, 
315,org::eclipse::osgi::framework::internal::core::ServiceReferenceImpl ,4,4,1,1,0,17,4,1,5,139,27,8.17647,41,8,2.41176,98,27,5.76471,218.714,66.6906,7.69165,0.106124,0.0239633,0.211378,0.0592241,13,2,5,9,91,0,1,0,116,14,13,0,1,1,9,43,36,1,0,0,0,0, 
316,org::eclipse::osgi::baseadaptor::bundlefile::FileBundleEntry ,2,2,0,0,0,5,0,0,1,188,92,37.6,3,3,0.6,185,92,37.0,125.857,0.737082,4.042759999999999,0.0455289,0.00680523,0.0989508,0.0012324,3,2,1,2,21,0,2,1,26,7,15,1,0,1,6,12,7,0,0,0,0,0, 
317,fragment::test::attach::host::a::Activator ,1,1,0,0,0,1,0,0,1,0,0,0.0,0,0,0.0,0,0,0.0,85.1429,0.0,0.0,0.0,0.0,0.0,0.0,2,1,0,2,1,0,0,0,6,2,9,0,0,0,2,8,2,0,0,0,0,0, 
318,org::osgi::util::tracker::ServiceTracker ,8,7,0,0,0,26,4,0,3,3032,837,116.615,2652,892,102.0,380,142,14.6154,219.0,44.9991,11.9562,1.00427,0.0219224,0.296961,0.0111818,23,1,14,10,120,0,12,0,285,16,10,7,1,2,14,65,67,1,0,0,0,0, 
319,org::eclipse::osgi::framework::internal::core::BundleRepository ,3,3,0,0,0,25,5,1,6,195,40,7.8,212,36,8.48,-17,29,-0.68,239.143,23.567,9.88616,0.043017,0.0276469,0.265308,0.059076,7,1,3,5,15,0,3,0,111,6,7,3,0,0,6,39,26,1,0,0,0,0, 
320,org::eclipse::osgi::internal::module::ResolverBundle ,18,17,2,0,0,36,4,0,3,1590,480,44.1667,407,185,11.3056,1183,480,32.8611,180.0,32.9569,26.2611,0.9783700000000001,0.0789285,0.7211270000000001,0.170939,22,2,5,21,990,0,21,1,513,45,16,18,8,0,4,322,195,1,0,0,0,0, 
321,substitutes::x::Mx ,1,1,0,0,0,1,0,0,1,0,0,0.0,0,0,0.0,0,0,0.0,19.1429,0.0,0.0,0.0,0.0,0.0,0.0,0,1,0,0,0,0,0,0,0,0,7,0,0,0,0,0,0,0,0,0,0,0, 
322,substitutes::q::BFq ,1,1,0,0,0,1,0,0,1,0,0,0.0,0,0,0.0,0,0,0.0,19.1429,0.0,0.0,0.0,0.0,0.0,0.0,0,1,0,0,0,0,0,0,0,0,7,0,0,0,0,0,0,0,0,0,0,0, 
323,org::eclipse::osgi::internal::baseadaptor::BaseStorageHook ,10,9,2,2,0,21,1,0,2,889,302,42.3333,91,47,4.33333,798,302,38.0,125.857,10.1938,14.9649,0.434833,0.0516045,0.4353399999999999,0.112682,37,2,9,30,780,0,16,0,332,40,30,9,1,0,34,206,106,4,0,0,0,0, 
